{
  "t": [
    0.001,
    0.03221875,
    0.0634375,
    0.09465625,
    0.125875,
    0.15709375,
    0.1883125,
    0.21953125,
    0.25075,
    0.28196875,
    0.3131875,
    0.34440625,
    0.375625,
    0.40684375,
    0.4380625,
    0.46928125,
    0.5005,
    0.53171875,
    0.5629375,
    0.59415625,
    0.625375,
    0.65659375,
    0.6878125,
    0.71903125,
    0.75025,
    0.78146875,
    0.8126875,
    0.84390625,
    0.875125,
    0.90634375,
    0.9375625,
    0.96878125,
    1.0
  ],
  "curves": {
    "5K": [
      1.959666957865532e-06,
      1.6910284858987029e-06,
      1.4379501398038013e-06,
      1.2514559212637793e-06,
      1.154472934768216e-06,
      1.1781431577433938e-06,
      1.2304122576730723e-06,
      1.3076385871142284e-06,
      1.3798731497751832e-06,
      1.455675230951446e-06,
      1.5609209563745331e-06,
      1.776303649288759e-06,
      2.444007815243781e-06,
      5.0081406074793215e-06,
      1.4944494671837082e-05,
      3.4344430940599816e-05,
      6.943740911001544e-05,
      0.00012093447843285963,
      0.00020178977420175543,
      0.0002992584852742429,
      0.0004604734400100221,
      0.0006979411433410328,
      0.0010813142558372727,
      0.0019312997285166776,
      0.0037806506341930184,
      0.00549999556996012,
      0.007709752035777221,
      0.01469177995504958,
      0.042994265141112084,
      0.13190665003958713,
      0.2431544828950689,
      0.2968698940920026,
      0.3066483535123675
    ],
    "10K": [
      3.9712005489266457e-08,
      2.914306646692985e-08,
      1.5947588498205774e-08,
      1.5665052436243774e-08,
      1.0757297275176825e-08,
      3.788075571073319e-09,
      5.577470510411586e-09,
      5.096112655462676e-09,
      4.928683917921845e-09,
      5.933256183494307e-09,
      8.16215098505412e-09,
      1.2829212029797684e-08,
      2.8975229726169796e-08,
      1.3493953340483213e-07,
      9.434583614428744e-07,
      5.287619695202032e-06,
      2.487963937617198e-05,
      7.900196755109095e-05,
      0.00017564979152104592,
      0.0002567638118385434,
      0.0003416249014094319,
      0.0004537120897512988,
      0.0006104387364507346,
      0.000817354133850836,
      0.0018500851688310086,
      0.0030967437981345345,
      0.004142823487813218,
      0.0059143356099892195,
      0.010432539361246516,
      0.03589861212151774,
      0.14429892047067708,
      0.2499263206224763,
      0.27537416608146065
    ],
    "15K": [
      1.4817444090685252e-08,
      9.16672412882547e-09,
      1.5068588174990713e-09,
      6.383221591748638e-10,
      5.022862812317816e-10,
      8.790009569153927e-10,
      6.697150374842368e-10,
      6.278576890604586e-10,
      2.469563248029939e-09,
      7.262108559945442e-09,
      1.029036209426924e-07,
      7.271231645902539e-06,
      7.230156088328547e-05,
      0.00018407301540037941,
      0.00033553882936580674,
      0.00036589273619717997,
      0.00042549502422652136,
      0.0004578133313279343,
      0.0004280382177618168,
      0.0003566239580121924,
      0.00045035397861709384,
      0.0005536200395320729,
      0.0006970706568746833,
      0.000812667016132028,
      0.0016417005452526252,
      0.0029052842324704268,
      0.0035191276372316177,
      0.004055874987264697,
      0.006020101854640446,
      0.018003079161215366,
      0.09899958064047139,
      0.22342218977681708,
      0.26025966847880505
    ],
    "20K": [
      1.2243227904654371e-09,
      9.62715360614173e-10,
      1.2557157373840982e-10,
      0.0,
      2.0928595934928703e-11,
      8.276989377906638e-09,
      8.703028378115131e-08,
      7.731493057258153e-07,
      2.8061785777044506e-06,
      1.8608893245012772e-05,
      9.189231589409095e-05,
      0.00032286237048825047,
      0.0006485602453648736,
      0.0009063773137953425,
      0.001145904916718047,
      0.0013331737385109848,
      0.001289822413811607,
      0.0013437611530708507,
      0.001574424136280094,
      0.0018354102050102102,
      0.0019384104137083968,
      0.00189568554017587,
      0.0018577325199632387,
      0.002028914665377956,
      0.002899915582939899,
      0.004465952403110902,
      0.005447349762230107,
      0.006721237360426549,
      0.013280774184157339,
      0.0447655146041613,
      0.13046023015225872,
      0.218521084678307,
      0.2504556795184532
    ]
  },
  "title": "Loss Geometry on Training Steps",
  "paths": [
    "/share/thickstun/sychou/workspace/research/s-flm/outputs/hflm_curv_init_lr_sudoku/d-hard_k-0.25_i-c0.04_lr5e-4_rs1"
  ],
  "loaded_steps": [
    5000,
    10000,
    15000,
    20000
  ],
  "num_batches": 8,
  "batch_size": 16
}