{
  "t": [
    0.001,
    0.03221875,
    0.0634375,
    0.09465625,
    0.125875,
    0.15709375,
    0.1883125,
    0.21953125,
    0.25075,
    0.28196875,
    0.3131875,
    0.34440625,
    0.375625,
    0.40684375,
    0.4380625,
    0.46928125,
    0.5005,
    0.53171875,
    0.5629375,
    0.59415625,
    0.625375,
    0.65659375,
    0.6878125,
    0.71903125,
    0.75025,
    0.78146875,
    0.8126875,
    0.84390625,
    0.875125,
    0.90634375,
    0.9375625,
    0.96878125,
    1.0
  ],
  "curves": {
    "5K": [
      3.5966265560101633e-06,
      2.593894013637949e-06,
      1.8782125919366652e-06,
      1.4817432294079113e-06,
      1.4144997897275377e-06,
      1.4615979830778905e-06,
      1.8247126186661568e-06,
      3.4591028227449887e-06,
      8.537056917989146e-06,
      1.8372520796393484e-05,
      3.335951597170167e-05,
      5.6729339979774725e-05,
      7.709374968021365e-05,
      0.00010057182683677445,
      0.0001632133391896705,
      0.00027320339303810984,
      0.00040493606146800414,
      0.0005877466101900496,
      0.0007957053616684809,
      0.0010787256358301247,
      0.0014933106719040093,
      0.0018493069843990792,
      0.002655700826232604,
      0.004198679459814945,
      0.0071381761200642315,
      0.01265482637989387,
      0.026621636212541815,
      0.06766973653536164,
      0.1506119015511502,
      0.24524541383378962,
      0.30155661668670314,
      0.32291959912589424,
      0.32760675569598596
    ],
    "10K": [
      2.970080182994219e-07,
      2.843776098998614e-07,
      9.487976850129159e-08,
      3.0545280242733315e-08,
      2.3764416352370584e-08,
      1.5382516374281774e-08,
      1.6073159761954945e-08,
      1.7402120573514664e-08,
      1.9128708923959452e-08,
      2.1075014652279002e-08,
      3.2553855221981956e-08,
      4.6553715788688987e-08,
      5.221561574929826e-07,
      2.0818148883474062e-06,
      5.770691888105932e-06,
      2.3095606990680383e-05,
      4.7668176524519806e-05,
      0.00010221151954505678,
      0.00022107666175062978,
      0.0003326103169414959,
      0.0007909396732918978,
      0.0005884464381297681,
      0.0008055892928210044,
      0.0009545778261014951,
      0.0010198522830026204,
      0.0013114585033670236,
      0.002023225124360303,
      0.003916915767731961,
      0.010820226262459594,
      0.04640695620118902,
      0.14781051137474147,
      0.23454572377579935,
      0.27438465932781775
    ],
    "15K": [
      5.034373030315017e-08,
      5.2373804229840094e-08,
      1.0767761334259223e-08,
      2.825360401317711e-10,
      2.825360395080503e-10,
      3.662504238714859e-10,
      8.057507139655005e-10,
      1.5591783220330856e-09,
      2.699777961739238e-09,
      4.949559478877119e-09,
      1.0254709301441355e-08,
      2.1439967105056588e-08,
      5.381980177875502e-08,
      1.485263119485197e-07,
      4.878240527433471e-07,
      6.652697953273453e-07,
      4.757165016807387e-06,
      2.8619807666146835e-06,
      0.00012308736848138635,
      0.00036321697153907594,
      0.0004592918942366812,
      0.00040949451926723993,
      0.0005999034569970135,
      0.0010342202077900469,
      0.0006169390911800497,
      0.0006812813177082185,
      0.000957153941598836,
      0.0012569006295675893,
      0.0032390290191083144,
      0.012254041232419818,
      0.049647048618016616,
      0.19095191660891758,
      0.25586501668008527
    ],
    "20K": [
      2.0141655614281077e-07,
      1.7200148305890027e-07,
      5.085648316953359e-09,
      6.906436371614904e-10,
      4.6042909996517787e-10,
      3.243932288830245e-10,
      3.87179015440369e-10,
      7.011076638104066e-10,
      1.2033932870167439e-09,
      4.886783313836841e-09,
      1.3132246213686112e-08,
      1.572736647032633e-08,
      3.10978484237076e-08,
      1.1948897800045996e-07,
      8.013838670689298e-07,
      3.097642954641308e-05,
      7.905633067749594e-06,
      7.838218363104464e-06,
      8.564806438844585e-05,
      0.00020916597742895793,
      0.0001951710262331981,
      0.0002576782030218786,
      0.00043595906016483576,
      0.0003328667447026981,
      0.00027329358993718805,
      0.0008720658837099497,
      0.000628065044571138,
      0.0017321565187813485,
      0.002681114347233029,
      0.016916232581218976,
      0.06590602639016141,
      0.19241781449050047,
      0.24574665005287427
    ]
  },
  "title": "Loss Geometry on Training Steps",
  "paths": [
    "/share/thickstun/sychou/workspace/research/s-flm/outputs/hflm_curv_init_lr_sudoku/d-hard_k-0.3_i-c0.01_lr3e-4_rs1"
  ],
  "loaded_steps": [
    5000,
    10000,
    15000,
    20000
  ],
  "num_batches": 8,
  "batch_size": 16
}