{
  "t": [
    0.001,
    0.03221875,
    0.0634375,
    0.09465625,
    0.125875,
    0.15709375,
    0.1883125,
    0.21953125,
    0.25075,
    0.28196875,
    0.3131875,
    0.34440625,
    0.375625,
    0.40684375,
    0.4380625,
    0.46928125,
    0.5005,
    0.53171875,
    0.5629375,
    0.59415625,
    0.625375,
    0.65659375,
    0.6878125,
    0.71903125,
    0.75025,
    0.78146875,
    0.8126875,
    0.84390625,
    0.875125,
    0.90634375,
    0.9375625,
    0.96878125,
    1.0
  ],
  "curves": {
    "5K": [
      5.8801424836091114e-06,
      4.8646032339317745e-06,
      3.5313978821321735e-06,
      2.7953618463767126e-06,
      5.018742352179932e-06,
      2.336293496381167e-05,
      9.851706693481309e-05,
      0.0001314980986893041,
      0.0001440323891544589,
      0.00012194766151899304,
      0.00011489939461579922,
      0.0001442636597592232,
      0.0002507763456378598,
      0.00039505171216762717,
      0.0004744437734352482,
      0.0005721148238203415,
      0.0006680796641478409,
      0.0008807531692051025,
      0.0012377679238116809,
      0.002005481268436219,
      0.002821427147333207,
      0.003407260900091254,
      0.004680085990033792,
      0.0077363722696063226,
      0.015916197654906282,
      0.04309886024239358,
      0.11152670088778721,
      0.19657372088914507,
      0.2533860206604004,
      0.27803462810730667,
      0.28619255108779734,
      0.288389631871427,
      0.2888222758689623
    ],
    "10K": [
      4.135906513848373e-07,
      3.7056147601596716e-07,
      1.8523847971623631e-07,
      7.251750173636946e-08,
      8.749997392810196e-08,
      3.3068831176994916e-07,
      4.89598509569517e-07,
      1.9589890665643867e-06,
      2.7275361512539766e-06,
      3.775727702248516e-06,
      6.771256680353923e-06,
      9.592555537192617e-06,
      1.5194097983978506e-05,
      1.917128988673519e-05,
      2.3140740376887286e-05,
      4.011351104042987e-05,
      0.00016132307504470987,
      0.00022500041692895782,
      0.000342017972103947,
      0.0003431361214614406,
      0.0005230923485857111,
      0.0005110531186931674,
      0.000718539509292119,
      0.0011318061473237198,
      0.0020117926260252387,
      0.0019356272643787807,
      0.009128167388144504,
      0.015947051178873253,
      0.05715082703011759,
      0.1535525978281257,
      0.22080554721060763,
      0.24513543589731282,
      0.2508611571922731
    ],
    "15K": [
      6.705520429554116e-08,
      6.14672637383275e-08,
      3.307764273721547e-08,
      1.8417163424783979e-09,
      9.41786778401102e-10,
      1.7475374954852066e-09,
      4.970532170625191e-09,
      4.901699564593247e-08,
      1.3041054773893438e-07,
      3.3657909849478204e-07,
      1.9580149424920943e-06,
      2.6837046262377103e-06,
      6.397281244167214e-06,
      2.281584386501594e-05,
      4.680538342291696e-05,
      4.746873818513843e-05,
      5.1291567406556325e-05,
      7.263967242529565e-05,
      0.00020292078535022213,
      0.00018418115336140707,
      0.000367085089300573,
      0.0003888016496189215,
      0.0007762538693538537,
      0.0011189084402298596,
      0.0018334300237645008,
      0.002705862960160783,
      0.004350522687407524,
      0.005099793205435356,
      0.03240257844831167,
      0.10610875118984266,
      0.19232127103912697,
      0.24353120032321202,
      0.245198472162311
    ],
    "20K": [
      6.212651838171276e-08,
      5.108669550312432e-08,
      6.247185021475468e-09,
      1.3603586921099096e-10,
      7.429641783194748e-10,
      3.735710113909339e-09,
      7.275239653536188e-08,
      1.7219136109791007e-07,
      3.5542611436720994e-07,
      1.4063569300469926e-06,
      1.5327718700517387e-06,
      4.0479026553120756e-06,
      7.2177026458211134e-06,
      2.6428709798017178e-05,
      5.3003289864209696e-05,
      4.181775304342554e-05,
      7.048355644684125e-05,
      8.132367770229148e-05,
      0.0001721886852144477,
      0.0004597146850646067,
      0.0007151978865690699,
      0.0018782404625025254,
      0.0034517285190365705,
      0.0045561047374801265,
      0.0047880236181728755,
      0.004256553499268766,
      0.004121126439631655,
      0.0060136845607436104,
      0.015436082157526123,
      0.09433390786138814,
      0.17636007539341958,
      0.23599715982930045,
      0.24420614188976503
    ]
  },
  "title": "Loss Geometry on Training Steps",
  "paths": [
    "/share/thickstun/sychou/workspace/research/s-flm/outputs/hflm_curv_init_lr_sudoku/d-hard_k-0.5_i-c0.01_lr3e-4_rs1"
  ],
  "loaded_steps": [
    5000,
    10000,
    15000,
    20000
  ],
  "num_batches": 8,
  "batch_size": 16
}