{
  "t": [
    0.001,
    0.03221875,
    0.0634375,
    0.09465625,
    0.125875,
    0.15709375,
    0.1883125,
    0.21953125,
    0.25075,
    0.28196875,
    0.3131875,
    0.34440625,
    0.375625,
    0.40684375,
    0.4380625,
    0.46928125,
    0.5005,
    0.53171875,
    0.5629375,
    0.59415625,
    0.625375,
    0.65659375,
    0.6878125,
    0.71903125,
    0.75025,
    0.78146875,
    0.8126875,
    0.84390625,
    0.875125,
    0.90634375,
    0.9375625,
    0.96878125,
    1.0
  ],
  "curves": {
    "5K": [
      6.739389503850822e-06,
      4.768909307999871e-06,
      3.344989237846451e-06,
      3.7196545787757326e-06,
      2.2736911284554165e-05,
      2.746357666877925e-05,
      5.047586811098186e-05,
      5.913326564817846e-05,
      5.804604104801155e-05,
      5.137844276392121e-05,
      9.021904954576885e-05,
      0.0002881405294481717,
      0.0005246888081938175,
      0.0006385723758734805,
      0.0007432961033322336,
      0.0010354703532929502,
      0.0020448760642261987,
      0.005003830836562628,
      0.010606843810737803,
      0.028205640028032025,
      0.05613091353620036,
      0.05887845158576965,
      0.05022841859399603,
      0.08885306119918823,
      0.18428277701474308,
      0.2710428237915039,
      0.32392528619659083,
      0.3485479917419091,
      0.361906458822529,
      0.3679833144284366,
      0.3708754737725419,
      0.3717326394627603,
      0.3719926576935843
    ],
    "10K": [
      9.53776721422053e-07,
      6.52081228743943e-07,
      1.6657056063052276e-07,
      8.79628747967994e-08,
      9.091379678047202e-08,
      8.851747304178071e-08,
      8.371436190449703e-08,
      7.630564744359935e-08,
      6.3717098793164e-08,
      6.099638052076576e-08,
      6.03475767634796e-08,
      5.8505864043571604e-08,
      5.955228432233863e-08,
      7.626333422450351e-08,
      1.0923319417527769e-07,
      3.3828817021039253e-07,
      1.3126280954862379e-06,
      1.7089641276245683e-06,
      2.638011339125145e-05,
      5.9397627103791225e-05,
      0.00013642105310036947,
      0.00021215167791442685,
      0.00035417312412820966,
      0.0005388386849068063,
      0.001368772866350881,
      0.004699626184079085,
      0.017648412772778715,
      0.07696274693092603,
      0.18621234545546972,
      0.24030120185251985,
      0.2622541363319654,
      0.2671121157956927,
      0.26849657765934976
    ],
    "15K": [
      1.716458144257783e-07,
      8.901975234856651e-08,
      2.0530948566711946e-08,
      3.976432945714652e-09,
      3.819468466846875e-09,
      3.453217876441935e-09,
      3.3067174167384244e-09,
      2.344002305612571e-09,
      2.3753952213451922e-09,
      2.260288066576082e-09,
      2.469573419668751e-09,
      3.00325071178983e-09,
      4.279887954650798e-09,
      2.3920476625688976e-08,
      3.424757743814323e-08,
      5.773873285803025e-07,
      9.512577191109425e-06,
      5.384694086234468e-06,
      7.074058306683623e-06,
      4.340114394879268e-05,
      4.912887350635654e-05,
      5.870726552407331e-05,
      0.00015942780036506049,
      0.000454425781764472,
      0.0011689433261616092,
      0.0032555979540508785,
      0.006876950895183542,
      0.03726346841019191,
      0.14001885424838978,
      0.20974746714817005,
      0.23646667030420196,
      0.24749650580159735,
      0.2503511905670166
    ],
    "20K": [
      3.724240100331208e-08,
      1.6533589219312142e-08,
      7.743579520424288e-09,
      9.941072634242144e-10,
      1.0254993720621198e-09,
      7.534281513284022e-10,
      4.29035833701467e-10,
      3.662502960087218e-10,
      2.6160743047498475e-10,
      3.5578611280588474e-10,
      1.2871067083552638e-09,
      7.71698692039216e-08,
      9.604979354006892e-08,
      1.8407263070714336e-07,
      2.799274622861551e-07,
      4.357708921869175e-06,
      2.6935129368658198e-06,
      5.330341121259224e-06,
      1.5754657657883367e-05,
      6.6977470091548605e-06,
      2.092823783999173e-05,
      9.339099533769585e-05,
      0.0002555131709976174,
      0.00031796997750512836,
      0.0005286418508445279,
      0.0019630001952055465,
      0.005764813089136327,
      0.04865958181659827,
      0.15758688262339388,
      0.22444815180274877,
      0.2437641727790404,
      0.2486616386456436,
      0.2506993968835038
    ]
  },
  "title": "Loss Geometry on Training Steps",
  "paths": [
    "/share/thickstun/sychou/workspace/research/s-flm/outputs/hflm_curv_init_lr_sudoku/d-hard_k-0.7_i-c0.01_lr3e-4_rs1"
  ],
  "loaded_steps": [
    5000,
    10000,
    15000,
    20000
  ],
  "num_batches": 8,
  "batch_size": 16
}