{
  "t": [
    0.001,
    0.03221875,
    0.0634375,
    0.09465625,
    0.125875,
    0.15709375,
    0.1883125,
    0.21953125,
    0.25075,
    0.28196875,
    0.3131875,
    0.34440625,
    0.375625,
    0.40684375,
    0.4380625,
    0.46928125,
    0.5005,
    0.53171875,
    0.5629375,
    0.59415625,
    0.625375,
    0.65659375,
    0.6878125,
    0.71903125,
    0.75025,
    0.78146875,
    0.8126875,
    0.84390625,
    0.875125,
    0.90634375,
    0.9375625,
    0.96878125,
    1.0
  ],
  "curves": {
    "5K": [
      4.110931871090022e-06,
      1.815818332749147e-06,
      9.918366732164757e-07,
      1.0341624515144197e-06,
      1.2349680494817937e-06,
      1.3765754650531368e-06,
      1.2087544807778367e-06,
      1.2630935191154596e-06,
      1.4411629042902104e-06,
      1.428124306493261e-06,
      1.4556468526729425e-06,
      1.7614645074583392e-06,
      2.323687276453057e-06,
      5.119513465860712e-06,
      7.031627339958423e-06,
      2.102908600524612e-05,
      6.374772237904835e-05,
      7.709809937439153e-05,
      0.00018119439409111806,
      0.0009494955720788056,
      0.0016736354220402165,
      0.0036599457295339428,
      0.007922739784620452,
      0.02383097621162286,
      0.0839494995856553,
      0.17557846562246257,
      0.24408410908131117,
      0.27179343245002663,
      0.2791267137848929,
      0.2817562778344315,
      0.28300882993119486,
      0.2833973638127359,
      0.28425683600179263
    ],
    "10K": [
      1.768740025653734e-06,
      1.331711174633087e-06,
      1.9883208132638032e-07,
      1.7574784246636647e-07,
      1.593712164485419e-07,
      1.5631558888732768e-07,
      1.491057037639437e-07,
      1.447420657038155e-07,
      1.395727430759364e-07,
      1.3191290460955325e-07,
      1.2713072270814204e-07,
      1.2189857341254947e-07,
      1.2339489657779778e-07,
      1.5915944214009032e-07,
      7.511297096417376e-07,
      1.7033222742141468e-05,
      8.965161829222411e-05,
      0.00015841222678579032,
      0.00018941576634338316,
      0.0003995030703223942,
      0.0004384469311333489,
      0.0013370386613735647,
      0.002424821077082097,
      0.003231726707158129,
      0.008290618783637379,
      0.05165087975812762,
      0.13503179121553227,
      0.21080690287472156,
      0.23582989178346783,
      0.2398313672355052,
      0.24112005983845572,
      0.24259313036886493,
      0.24270842048559296
    ],
    "15K": [
      4.800173801515811e-07,
      3.973809674626159e-07,
      1.5215083125992115e-08,
      3.4113605822818664e-09,
      2.5428237592953673e-09,
      2.4800378779324614e-09,
      2.092859209280857e-09,
      2.3440022257763087e-09,
      3.1916106511710935e-09,
      3.6311108926148858e-09,
      3.955504268696019e-09,
      5.064719600016595e-09,
      4.238040370576149e-09,
      5.148433310137846e-09,
      8.740763180054947e-06,
      2.202925193951875e-06,
      1.8555012866208723e-06,
      2.337989543782566e-05,
      0.00015229944775353455,
      0.0013539283902966718,
      0.0016384532899679839,
      0.0018253768457827718,
      0.0018083371408087504,
      0.00457297797116001,
      0.009444989347725773,
      0.03449029617764977,
      0.1552164541201645,
      0.21420688575573182,
      0.2372670066490602,
      0.2409312885798765,
      0.24201462509926785,
      0.24291616075494316,
      0.2437409604533335
    ],
    "20K": [
      4.306157330738438e-07,
      2.2820515542672398e-07,
      1.0213153349253885e-08,
      2.678860119998349e-09,
      2.2393596590048353e-09,
      2.364931222139991e-09,
      2.2498238977188236e-09,
      2.427716873973643e-09,
      2.5846813528414202e-09,
      2.846288777702918e-09,
      3.4008966030357308e-09,
      4.834504991092391e-09,
      5.389112297489498e-09,
      8.601640987497254e-09,
      4.1228768470147585e-07,
      1.668009686028746e-07,
      4.7312691408619225e-07,
      3.5587332679622146e-06,
      1.0162382432295146e-06,
      0.0003597941734597223,
      0.0008111710535105344,
      0.0017473079426195818,
      0.001997176328811466,
      0.0020557925938314687,
      0.0024119940699369835,
      0.008784960097308909,
      0.05921037068192878,
      0.1604744048600786,
      0.23448734470967497,
      0.2554026935877425,
      0.26146943649549165,
      0.2636641893493995,
      0.264157705092698
    ]
  },
  "title": "Loss Geometry on Training Steps",
  "paths": [
    "/share/thickstun/sychou/workspace/research/s-flm/outputs/hflm_curv_init_lr_sudoku/d-hard_k-1.0_i-c0.01_lr3e-4_rs1"
  ],
  "loaded_steps": [
    5000,
    10000,
    15000,
    20000
  ],
  "num_batches": 8,
  "batch_size": 16
}