{
  "t": [
    0.001,
    0.03221875,
    0.0634375,
    0.09465625,
    0.125875,
    0.15709375,
    0.1883125,
    0.21953125,
    0.25075,
    0.28196875,
    0.3131875,
    0.34440625,
    0.375625,
    0.40684375,
    0.4380625,
    0.46928125,
    0.5005,
    0.53171875,
    0.5629375,
    0.59415625,
    0.625375,
    0.65659375,
    0.6878125,
    0.71903125,
    0.75025,
    0.78146875,
    0.8126875,
    0.84390625,
    0.875125,
    0.90634375,
    0.9375625,
    0.96878125,
    1.0
  ],
  "curves": {
    "5K": [
      1.0604451111585865e-05,
      7.315055912575067e-06,
      3.355536433303038e-06,
      3.2989443619892504e-06,
      3.497691804103637e-06,
      5.954748640566792e-06,
      1.113640262681227e-05,
      1.414473637156293e-05,
      1.6895442109834927e-05,
      1.68492805733989e-05,
      2.010926058819371e-05,
      3.044493565907482e-05,
      4.537377316502101e-05,
      7.579417838263744e-05,
      0.00016436209454001032,
      0.0005215172035543751,
      0.0013194494747316068,
      0.0020783874271646813,
      0.003347801651512639,
      0.006644764538393931,
      0.01481626442309176,
      0.03770849075210228,
      0.12010137150796611,
      0.2320372040352125,
      0.28526352228743307,
      0.29971371607834035,
      0.3028766814242588,
      0.303580013553748,
      0.3036085246654039,
      0.30363826001628064,
      0.30358066719569515,
      0.30377816618158576,
      0.30472232518571146
    ],
    "10K": [
      8.512784159883564e-07,
      8.083330265415069e-07,
      8.601649482075577e-08,
      5.929070432123328e-08,
      5.276096028487036e-08,
      6.06718857127132e-08,
      6.517149642420693e-08,
      6.323559671400698e-08,
      5.776279665318153e-08,
      6.164493135677251e-08,
      7.312369145152291e-08,
      9.878815975487546e-08,
      2.40255053923964e-07,
      4.0311509907409795e-07,
      1.919362592856528e-07,
      1.4203442282287346e-06,
      3.669453138918675e-05,
      0.0002775782484750482,
      0.0003980947809750841,
      0.0003758236499543068,
      0.0011223678011447191,
      0.0016706264211555546,
      0.0029870069106998904,
      0.00725825960235147,
      0.0434155035554693,
      0.1582585091001532,
      0.25552964210510254,
      0.2702316782447729,
      0.27344242642434796,
      0.273325411121497,
      0.2736215189601598,
      0.27362901976938997,
      0.2740413981877016
    ],
    "15K": [
      1.1324460230977994e-07,
      1.0518710261360897e-07,
      1.537205207569059e-08,
      9.093474038687172e-09,
      8.790009539215329e-09,
      9.355081583303064e-09,
      1.0359653689203002e-08,
      1.1542118551808037e-08,
      1.1458399612411596e-08,
      1.1594413299616043e-08,
      1.2253656127234463e-08,
      1.5026651423790447e-08,
      1.9264580821961797e-08,
      3.1266572132869e-08,
      1.2642181629641702e-07,
      5.9924217396520474e-05,
      0.001041513875197792,
      0.0011166704707780552,
      0.0018537788253763154,
      0.0017439269533632683,
      0.0020520082799838123,
      0.002966886679275652,
      0.0044446960719448795,
      0.007444754828897755,
      0.04646919048234318,
      0.2147678043065446,
      0.30412842182630906,
      0.32592130243108514,
      0.3297688371679756,
      0.3305106430910946,
      0.3309346504425735,
      0.33086197027999364,
      0.33128591601768237
    ],
    "20K": [
      7.93716728796344e-08,
      6.906434707028832e-08,
      2.9718603807562054e-09,
      1.2975729055525652e-09,
      1.6115018233699885e-09,
      2.145180951725103e-09,
      2.647467244183859e-09,
      3.149753357011025e-09,
      3.6729681268977577e-09,
      3.4218249407502484e-09,
      4.551965296580451e-09,
      6.257635548311381e-09,
      1.255701556218493e-08,
      3.92892319227991e-08,
      7.870745625446239e-06,
      0.00010250534199173947,
      0.0003336169025197709,
      0.0023496362820272583,
      0.0030373059544385197,
      0.0037109513980633922,
      0.005441743718150197,
      0.007322086424833645,
      0.00957885862778077,
      0.01271315785438827,
      0.07534015379594954,
      0.3078267279635654,
      0.40937718112816973,
      0.4328048148851716,
      0.4372955895541759,
      0.4375192717220006,
      0.4372739899024535,
      0.4364055140634601,
      0.43631202451298745
    ]
  },
  "title": "Loss Geometry on Training Steps",
  "paths": [
    "/share/thickstun/sychou/workspace/research/s-flm/outputs/hflm_curv_init_lr_sudoku/d-hard_k-1.5_i-c0.01_lr3e-4_rs1"
  ],
  "loaded_steps": [
    5000,
    10000,
    15000,
    20000
  ],
  "num_batches": 8,
  "batch_size": 16
}