{
  "t": [
    0.001,
    0.03221875,
    0.0634375,
    0.09465625,
    0.125875,
    0.15709375,
    0.1883125,
    0.21953125,
    0.25075,
    0.28196875,
    0.3131875,
    0.34440625,
    0.375625,
    0.40684375,
    0.4380625,
    0.46928125,
    0.5005,
    0.53171875,
    0.5629375,
    0.59415625,
    0.625375,
    0.65659375,
    0.6878125,
    0.71903125,
    0.75025,
    0.78146875,
    0.8126875,
    0.84390625,
    0.875125,
    0.90634375,
    0.9375625,
    0.96878125,
    1.0
  ],
  "curves": {
    "5K": [
      1.8234178238429877e-06,
      1.8176658107549315e-06,
      1.431164781795502e-06,
      1.3881339393506664e-06,
      1.384327251940931e-06,
      1.1132131305657822e-06,
      1.087934875076968e-06,
      8.874727721597253e-07,
      8.887497422449542e-07,
      7.225903555507784e-07,
      7.329078277606982e-07,
      7.572835425406765e-07,
      6.708634172625239e-07,
      7.66191439183217e-07,
      8.607253345616073e-07,
      1.2589133291385224e-06,
      1.9609023276245807e-06,
      3.459734458033381e-06,
      6.477905987622989e-06,
      1.3147260723656018e-05,
      2.7051368064689996e-05,
      5.773671176712014e-05,
      0.00010632380110564554,
      0.00019539489855446845,
      0.00034639639915212683,
      0.0005903323344682576,
      0.0011139484381601505,
      0.0032033363022492267,
      0.026902993209660053,
      0.26201639138162136,
      1.4253679364919662,
      4.146998047828674,
      5.937107086181641
    ],
    "20K": [
      2.7196122853734295e-08,
      2.9978457605217557e-08,
      2.866240839116685e-08,
      2.984055919030837e-08,
      3.569082346333019e-08,
      3.94935740222202e-08,
      5.1268386369596186e-08,
      6.02736541788218e-08,
      7.091414577775623e-08,
      1.0234956759891389e-07,
      1.2029090723508773e-07,
      2.0461654715031585e-07,
      3.0904939318787683e-07,
      5.858168826700094e-07,
      8.915528570963005e-07,
      1.7112423909004804e-06,
      3.854638509714903e-06,
      8.402969672971494e-06,
      1.830680362413517e-05,
      3.590281098464487e-05,
      6.515210080548783e-05,
      8.963427666497381e-05,
      0.00012721906798063287,
      0.00016935590965871938,
      0.00021831907532288142,
      0.0003085741339532433,
      0.0004677131257722067,
      0.0013610185305878986,
      0.012872225604951382,
      0.12926552072167397,
      0.8900882378220558,
      3.679507315158844,
      5.928285121917725
    ],
    "30K": [
      4.223562645455647e-09,
      4.580079197846754e-09,
      4.401825650507396e-09,
      4.289081315805854e-09,
      4.591031371042886e-09,
      5.7914965774508165e-09,
      5.453204641320264e-09,
      6.188032336540417e-09,
      7.490357945005854e-09,
      8.781796803636333e-09,
      1.0360568042377949e-08,
      1.4547463372815983e-08,
      2.029476496578919e-08,
      2.7860405704682734e-08,
      4.369536091286541e-08,
      6.847210598515119e-08,
      1.238589327212658e-07,
      2.7037584016120775e-07,
      6.136280765733915e-07,
      1.7897914756925815e-06,
      5.502960339409668e-06,
      1.5067618281960904e-05,
      4.154077747742235e-05,
      9.359731553360007e-05,
      0.0001706060782851182,
      0.00028094345259432885,
      0.0004603317465807777,
      0.0014308980280475225,
      0.011623614351265132,
      0.11196648608893156,
      0.7905692234635353,
      3.589778423309326,
      5.928254723548889
    ]
  },
  "norms": {
    "5K": [
      1.0,
      1.0,
      1.0,
      1.0,
      1.0,
      1.0,
      1.0,
      1.0,
      1.0,
      1.0,
      1.0,
      1.0,
      1.0,
      1.0,
      1.0,
      1.0,
      1.0,
      1.0,
      1.0,
      1.0,
      1.0,
      1.0,
      1.0,
      1.0,
      1.0,
      1.0,
      1.0,
      1.0,
      1.0,
      1.0,
      1.0,
      1.0,
      1.0
    ],
    "20K": [
      1.0,
      1.0,
      1.0,
      1.0,
      1.0,
      1.0,
      1.0,
      1.0,
      1.0,
      1.0,
      1.0,
      1.0,
      1.0,
      1.0,
      1.0,
      1.0,
      1.0,
      1.0,
      1.0,
      1.0,
      1.0,
      1.0,
      1.0,
      1.0,
      1.0,
      1.0,
      1.0,
      1.0,
      1.0,
      1.0,
      1.0,
      1.0,
      1.0
    ],
    "30K": [
      1.0,
      1.0,
      1.0,
      1.0,
      1.0,
      1.0,
      1.0,
      1.0,
      1.0,
      1.0,
      1.0,
      1.0,
      1.0,
      1.0,
      1.0,
      1.0,
      1.0,
      1.0,
      1.0,
      1.0,
      1.0,
      1.0,
      1.0,
      1.0,
      1.0,
      1.0,
      1.0,
      1.0,
      1.0,
      1.0,
      1.0,
      1.0,
      1.0
    ]
  },
  "dists": {
    "5K": [
      0.0015438668051501736,
      0.05056408094242215,
      0.09956003539264202,
      0.14855555444955826,
      0.19755109585821629,
      0.24654660746455193,
      0.2955422177910805,
      0.344537615776062,
      0.393533106893301,
      0.44252849370241165,
      0.4915240854024887,
      0.5405195653438568,
      0.5895150452852249,
      0.6385105326771736,
      0.6875060200691223,
      0.7365014925599098,
      0.7854969874024391,
      0.8344924747943878,
      0.8834879472851753,
      0.9324834421277046,
      0.9814788177609444,
      1.0304744094610214,
      1.0794698745012283,
      1.128465324640274,
      1.1774607002735138,
      1.2264562249183655,
      1.2754517197608948,
      1.3244470804929733,
      1.3734426349401474,
      1.4224381297826767,
      1.4714336544275284,
      1.520429104566574,
      1.5694245994091034
    ],
    "20K": [
      0.0015470551297767088,
      0.05056001199409366,
      0.09955187886953354,
      0.14854332990944386,
      0.19753481075167656,
      0.24652628786861897,
      0.29551783576607704,
      0.34450920298695564,
      0.393500629812479,
      0.4424919858574867,
      0.49148352816700935,
      0.5404749736189842,
      0.5894664227962494,
      0.6384578347206116,
      0.6874492689967155,
      0.7364407181739807,
      0.7854321599006653,
      0.8344236016273499,
      0.883415013551712,
      0.9324064627289772,
      0.9813978001475334,
      1.0303893834352493,
      1.0793807804584503,
      1.128372237086296,
      1.177363559603691,
      1.226354956626892,
      1.275346428155899,
      1.3243377953767776,
      1.3733293116092682,
      1.422320768237114,
      1.471312165260315,
      1.5203036069869995,
      1.5692950338125229
    ],
    "30K": [
      0.001546756422612816,
      0.05055890418589115,
      0.09954970423132181,
      0.1485401000827551,
      0.19753052666783333,
      0.24652093090116978,
      0.2955114170908928,
      0.34450170770287514,
      0.39349209889769554,
      0.442482378333807,
      0.49147285521030426,
      0.5404632315039635,
      0.5894536226987839,
      0.6384439691901207,
      0.6874343529343605,
      0.7364247292280197,
      0.7854151204228401,
      0.8344054743647575,
      0.8833958208560944,
      0.932386226952076,
      0.9813764840364456,
      1.0303669571876526,
      1.0793573409318924,
      1.128347709774971,
      1.1773379892110825,
      1.2263283431529999,
      1.2753187268972397,
      1.3243090361356735,
      1.3732995092868805,
      1.4222898483276367,
      1.4712802469730377,
      1.5202706158161163,
      1.5692609697580338
    ]
  },