{
  "t": [
    0.001,
    0.03221875,
    0.0634375,
    0.09465625,
    0.125875,
    0.15709375,
    0.1883125,
    0.21953125,
    0.25075,
    0.28196875,
    0.3131875,
    0.34440625,
    0.375625,
    0.40684375,
    0.4380625,
    0.46928125,
    0.5005,
    0.53171875,
    0.5629375,
    0.59415625,
    0.625375,
    0.65659375,
    0.6878125,
    0.71903125,
    0.75025,
    0.78146875,
    0.8126875,
    0.84390625,
    0.875125,
    0.90634375,
    0.9375625,
    0.96878125,
    1.0
  ],
  "curves": {
    "5K": [
      0.0007292015172879474,
      0.0007577666365250479,
      0.0008099357798982965,
      0.0008611831642610923,
      0.0009118268825432096,
      0.000972370097770181,
      0.0010428233554193866,
      0.001131417176566174,
      0.0012435161570465425,
      0.001448242812330136,
      0.0018925259755633306,
      0.0029012593149673194,
      0.005276727199088782,
      0.010204065649304539,
      0.019376588170416653,
      0.034999572206288576,
      0.060479908250272274,
      0.09986477438360453,
      0.15812759287655354,
      0.24029402248561382,
      0.35350368171930313,
      0.5046074986457825,
      0.7008263692259789,
      0.9503974616527557,
      1.2629213631153107,
      1.6468741744756699,
      2.11005175113678,
      2.660724103450775,
      3.3007755279541016,
      4.018549054861069,
      4.775095820426941,
      5.470728695392609,
      5.951910555362701
    ],
    "20K": [
      0.00011865711725533856,
      0.00022716589620586092,
      0.00029510394642784377,
      0.00036781084986614587,
      0.0005078075560049911,
      0.0007188145166310278,
      0.0010253888940496836,
      0.0015264155517797917,
      0.002361547427426558,
      0.003896808222634718,
      0.006637515441980213,
      0.011090257961768657,
      0.017412164714187384,
      0.02677036472596228,
      0.040024169720709324,
      0.058282734360545874,
      0.08284015115350485,
      0.11606328468769789,
      0.159714562818408,
      0.21740946732461452,
      0.2933768592774868,
      0.3932667188346386,
      0.5237515158951283,
      0.6952462196350098,
      0.9209245219826698,
      1.216453269124031,
      1.6127715110778809,
      2.134209454059601,
      2.8011946976184845,
      3.6203499734401703,
      4.509987413883209,
      5.342552602291107,
      5.928105294704437
    ],
    "30K": [
      8.376005484933557e-05,
      0.0001598314510076193,
      0.0001917649275213762,
      0.00022267280736798511,
      0.00025047574837344655,
      0.0002974392576788887,
      0.0003615804220942209,
      0.0004107799835537662,
      0.0004890567042821203,
      0.0005734908686463314,
      0.0006783706367059494,
      0.0008195484469979419,
      0.0010127801106136758,
      0.001272938907277421,
      0.0016666605115460698,
      0.0022013042980688624,
      0.0030646015657112002,
      0.0044044092210242525,
      0.006468720297561958,
      0.009626589075196534,
      0.014747154084034264,
      0.022818943834863603,
      0.03531863773241639,
      0.055464515928179026,
      0.08757506590336561,
      0.13893943466246128,
      0.22326191328465939,
      0.3695761673152447,
      0.6326241418719292,
      1.1427173465490341,
      2.2313931584358215,
      4.311123967170715,
      5.928338170051575
    ]
  },
  "norms": {
    "5K": [
      1.0,
      1.0,
      1.0,
      1.0,
      1.0,
      1.0,
      1.0,
      1.0,
      1.0,
      1.0,
      1.0,
      1.0,
      1.0,
      1.0,
      1.0,
      1.0,
      1.0,
      1.0,
      1.0,
      1.0,
      1.0,
      1.0,
      1.0,
      1.0,
      1.0,
      1.0,
      1.0,
      1.0,
      1.0,
      1.0,
      1.0,
      1.0,
      1.0
    ],
    "20K": [
      1.0,
      1.0,
      1.0,
      1.0,
      1.0,
      1.0,
      1.0,
      1.0,
      1.0,
      1.0,
      1.0,
      1.0,
      1.0,
      1.0,
      1.0,
      1.0,
      1.0,
      1.0,
      1.0,
      1.0,
      1.0,
      1.0,
      1.0,
      1.0,
      1.0,
      1.0,
      1.0,
      1.0,
      1.0,
      1.0,
      1.0,
      1.0,
      1.0
    ],
    "30K": [
      1.0,
      1.0,
      1.0,
      1.0,
      1.0,
      1.0,
      1.0,
      1.0,
      1.0,
      1.0,
      1.0,
      1.0,
      1.0,
      1.0,
      1.0,
      1.0,
      1.0,
      1.0,
      1.0,
      1.0,
      1.0,
      1.0,
      1.0,
      1.0,
      1.0,
      1.0,
      1.0,
      1.0,
      1.0,
      1.0,
      1.0,
      1.0,
      1.0
    ]
  },
  "title": "Loss Geometry on Training Steps",
  "paths": [
    "/share/thickstun/sychou/workspace/research/s-flm/outputs/adv_geo_tinystories_s256/sfm_ada_lr1e-3"
  ],
  "loaded_steps": [
    5000,
    20000,
    30000
  ],
  "num_batches": 8,
  "batch_size": 16
}