{
  "t": [
    0.001,
    0.03221875,
    0.0634375,
    0.09465625,
    0.125875,
    0.15709375,
    0.1883125,
    0.21953125,
    0.25075,
    0.28196875,
    0.3131875,
    0.34440625,
    0.375625,
    0.40684375,
    0.4380625,
    0.46928125,
    0.5005,
    0.53171875,
    0.5629375,
    0.59415625,
    0.625375,
    0.65659375,
    0.6878125,
    0.71903125,
    0.75025,
    0.78146875,
    0.8126875,
    0.84390625,
    0.875125,
    0.90634375,
    0.9375625,
    0.96878125,
    1.0
  ],
  "curves": {
    "5K": [
      0.0007000394443821278,
      0.0006702843915036283,
      0.00070454783644891,
      0.0007484493816036775,
      0.0008049841061392726,
      0.0008900091897885432,
      0.0009686656812846195,
      0.0010732686832852778,
      0.0012408147122187074,
      0.0015107243598322384,
      0.002030178759014234,
      0.0031180846854113042,
      0.005548058630665764,
      0.010468096879776567,
      0.019656883785501122,
      0.035624966491013765,
      0.061650342773646116,
      0.10206102952361107,
      0.16188685968518257,
      0.24630439840257168,
      0.3612493835389614,
      0.5132013559341431,
      0.7095275595784187,
      0.9587887078523636,
      1.2691716253757477,
      1.6504601538181305,
      2.111348569393158,
      2.658991277217865,
      3.294984817504883,
      4.006808161735535,
      4.757510006427765,
      5.466522455215454,
      5.952845096588135
    ],
    "20K": [
      4.574622241193538e-05,
      0.00014232240189926415,
      0.0002477934872899823,
      0.00034877502616836864,
      0.00046109027425700333,
      0.0006929722185304854,
      0.0011427201316109858,
      0.0018470518152753357,
      0.0031643342517782003,
      0.00522391073172912,
      0.008484552847221494,
      0.013244409696199,
      0.020396072417497635,
      0.030415827874094248,
      0.044303410686552525,
      0.06284312484785914,
      0.08748832065612078,
      0.12005287501960993,
      0.16236636601388454,
      0.21808450110256672,
      0.291698157787323,
      0.3884224630892277,
      0.5159480981528759,
      0.6853658854961395,
      0.9109921678900719,
      1.214270904660225,
      1.6137943267822266,
      2.1354788541793823,
      2.8178413212299347,
      3.6288284957408905,
      4.514682590961456,
      5.345199823379517,
      5.930674433708191
    ],
    "30K": [
      0.00011485158530888384,
      0.00024889248802395514,
      0.0003381935950415027,
      0.00040885590286166007,
      0.0004892260802762394,
      0.0005593697678705212,
      0.0006238695457341237,
      0.0006990278529883653,
      0.0007569242861791281,
      0.000853043559800426,
      0.000941747707202012,
      0.0010841771763807628,
      0.0012450133635866223,
      0.0015212116995826364,
      0.001976561041374225,
      0.0027093008829979226,
      0.00387070415308699,
      0.005611898086499423,
      0.008066960144788027,
      0.01156683376757428,
      0.016916230553761125,
      0.025162414647638798,
      0.038210093043744564,
      0.05899581080302596,
      0.09159872494637966,
      0.14238135889172554,
      0.2247078437358141,
      0.36636262759566307,
      0.6256157532334328,
      1.1438312232494354,
      2.245747148990631,
      4.341417908668518,
      5.9302608370780945
    ]
  },
  "norms": {
    "5K": [
      1.0,
      1.0,
      1.0,
      1.0,
      1.0,
      1.0,
      1.0,
      1.0,
      1.0,
      1.0,
      1.0,
      1.0,
      1.0,
      1.0,
      1.0,
      1.0,
      1.0,
      1.0,
      1.0,
      1.0,
      1.0,
      1.0,
      1.0,
      1.0,
      1.0,
      1.0,
      1.0,
      1.0,
      1.0,
      1.0,
      1.0,
      1.0,
      1.0
    ],
    "20K": [
      1.0,
      1.0,
      1.0,
      1.0,
      1.0,
      1.0,
      1.0,
      1.0,
      1.0,
      1.0,
      1.0,
      1.0,
      1.0,
      1.0,
      1.0,
      1.0,
      1.0,
      1.0,
      1.0,
      1.0,
      1.0,
      1.0,
      1.0,
      1.0,
      1.0,
      1.0,
      1.0,
      1.0,
      1.0,
      1.0,
      1.0,
      1.0,
      1.0
    ],
    "30K": [
      1.0,
      1.0,
      1.0,
      1.0,
      1.0,
      1.0,
      1.0,
      1.0,
      1.0,
      1.0,
      1.0,
      1.0,
      1.0,
      1.0,
      1.0,
      1.0,
      1.0,
      1.0,
      1.0,
      1.0,
      1.0,
      1.0,
      1.0,
      1.0,
      1.0,
      1.0,
      1.0,
      1.0,
      1.0,
      1.0,
      1.0,
      1.0,
      1.0
    ]
  },
  "title": "Loss Geometry on Training Steps",
  "paths": [
    "/share/thickstun/sychou/workspace/research/s-flm/outputs/adv_geo_tinystories_s256/sfm_ada_lr1e-3"
  ],
  "loaded_steps": [
    5000,
    20000,
    30000
  ],
  "num_batches": 8,
  "batch_size": 16
}