{
  "t": [
    0.001,
    0.03221875,
    0.0634375,
    0.09465625,
    0.125875,
    0.15709375,
    0.1883125,
    0.21953125,
    0.25075,
    0.28196875,
    0.3131875,
    0.34440625,
    0.375625,
    0.40684375,
    0.4380625,
    0.46928125,
    0.5005,
    0.53171875,
    0.5629375,
    0.59415625,
    0.625375,
    0.65659375,
    0.6878125,
    0.71903125,
    0.75025,
    0.78146875,
    0.8126875,
    0.84390625,
    0.875125,
    0.90634375,
    0.9375625,
    0.96878125,
    1.0
  ],
  "curves": {
    "5K": [
      0.0,
      0.0,
      0.0,
      0.0,
      0.0,
      0.0,
      0.0,
      0.0,
      0.0,
      0.0,
      0.0,
      0.0,
      0.0,
      0.0,
      0.0,
      0.0,
      0.0,
      0.0,
      0.0,
      0.0,
      0.0,
      0.0,
      0.0,
      0.0,
      3.6625034715382745e-10,
      1.0003761090416035e-08,
      1.4495459877610536e-07,
      1.1697011001835175e-06,
      5.082115799932887e-06,
      5.106921243975776e-05,
      0.008186718306420475,
      0.12223542942089981,
      0.4784647159362107
    ],
    "10K": [
      0.0,
      0.0,
      0.0,
      0.0,
      0.0,
      0.0,
      0.0,
      0.0,
      0.0,
      0.0,
      0.0,
      0.0,
      0.0,
      0.0,
      0.0,
      0.0,
      0.0,
      0.0,
      2.0928595934928703e-11,
      1.7789305671480277e-10,
      1.2243214170322347e-09,
      1.030715517929417e-08,
      5.9013827692243476e-08,
      2.8262985232573925e-07,
      1.3668988297498534e-06,
      6.755393013499384e-06,
      0.0005987670699008897,
      0.006121065389113814,
      0.04030420137255379,
      0.11718840746397383,
      0.20201464449421744,
      0.24540150299500885,
      0.2790617594558201
    ],
    "15K": [
      0.0,
      0.0,
      0.0,
      0.0,
      0.0,
      0.0,
      0.0,
      0.0,
      0.0,
      0.0,
      0.0,
      0.0,
      0.0,
      0.0,
      0.0,
      0.0,
      0.0,
      1.7789303862689956e-10,
      5.3367667937776416e-09,
      5.9592329552890914e-08,
      3.518195723465008e-07,
      1.488268629074217e-06,
      5.472942207694011e-06,
      0.00030249163911944736,
      0.007735749125857366,
      0.04389868140890357,
      0.10508538364024644,
      0.1615428870983338,
      0.1959555202655578,
      0.2139000477415792,
      0.22273956657795424,
      0.22883090678225743,
      0.24165303921431638
    ],
    "20K": [
      0.0,
      0.0,
      0.0,
      0.0,
      0.0,
      0.0,
      0.0,
      0.0,
      0.0,
      0.0,
      0.0,
      0.0,
      0.0,
      0.0,
      0.0,
      1.015035700310339e-09,
      3.596356227551419e-08,
      4.180448952998693e-07,
      1.2853966387063318e-06,
      3.3995451855609257e-06,
      1.471346486856889e-05,
      0.0007653843239996206,
      0.010394707602040653,
      0.05599760841787531,
      0.12379091040471966,
      0.18160121896293727,
      0.22065982256042824,
      0.23891944563790654,
      0.24669447775637166,
      0.2498939519517877,
      0.2506598783343026,
      0.25252360976144167,
      0.2657731543765979
    ]
  },
  "norms": {
    "5K": [
      25.611241029889396,
      25.154497125175563,
      24.924796115146595,
      24.736719710103582,
      24.570156140273877,
      24.417805532391153,
      24.27616213680653,
      24.143296488215416,
      24.018042403660463,
      23.899658203125,
      23.7876525193118,
      23.681684858343573,
      23.581510736701194,
      23.48695013496313,
      23.39786006627458,
      23.314122917946804,
      23.235635478844802,
      23.16230516755179,
      23.094041117121666,
      23.03075451797314,
      22.972353645924773,
      22.918750205736483,
      22.86985230177976,
      22.825565295272998,
      22.78580123387026,
      22.750468736284233,
      22.719488251075315,
      22.69278999928678,
      22.670321518115784,
      22.65206154812588,
      22.638054837001842,
      22.628474031941273,
      22.623967717202863
    ],
    "10K": [
      37.808223424332866,
      35.638373557101474,
      34.04813650752721,
      32.602578838219806,
      31.277243967806356,
      30.07163332821278,
      28.98684280909849,
      28.021455914786692,
      27.171124061841642,
      26.429119324416256,
      25.787131663118856,
      25.23597185799245,
      24.766165744052845,
      24.36838248606478,
      24.033739411429075,
      23.75398820169856,
      23.521616732136586,
      23.32987856061271,
      23.17279601364993,
      23.045108409410112,
      22.942235368021418,
      22.860204118021418,
      22.795577831482618,
      22.745405732915643,
      22.70715143439475,
      22.67863978696673,
      22.65800647521287,
      22.643655326928986,
      22.634210479393435,
      22.628489805071542,
      22.6254646215546,
      22.624228831087606,
      22.623966688520454
    ],
    "15K": [
      51.27843346756496,
      47.87582774644488,
      44.3270973462737,
      40.748394226760006,
      37.39855682715941,
      34.43348985307672,
      31.91450140449438,
      29.838425882746666,
      28.165970020079882,
      26.842017698823735,
      25.808164446541433,
      25.009576690330935,
      24.398170042573735,
      23.933584148964187,
      23.58292586080144,
      23.319959319039675,
      23.124041610889222,
      22.979123919197683,
      22.872797590962957,
      22.795528969068204,
      22.740021952082603,
      22.700697652409584,
      22.673310354854284,
      22.654640626371577,
      22.642247917946804,
      22.63429465990388,
      22.629411675956813,
      22.62658417090941,
      22.625075265262904,
      22.624357244941624,
      22.624069213867188,
      22.623981261521244,
      22.623966688520454
    ],
    "20K": [
      62.88770628511236,
      58.77711606829354,
      53.23396832755442,
      47.21625304489993,
      41.588249635160636,
      36.81100532446015,
      33.003468374188024,
      30.093121817942414,
      27.93176715293627,
      26.3592093821322,
      25.231846498639396,
      24.43228732334094,
      23.869713258207515,
      23.4763457909059,
      23.202778676922403,
      23.013551347711115,
      22.88344205363413,
      22.794619270924773,
      22.734516958172403,
      22.694288961003334,
      22.667733867516677,
      22.650497265076368,
      22.639545226364994,
      22.632766895079882,
      22.62870668561271,
      22.626374148250967,
      22.62510286824087,
      22.624454969770454,
      22.624153222930566,
      22.624027723676704,
      22.62398314743899,
      22.62396977456768,
      22.623966688520454
    ]
  },
  "title": "Loss Geometry on Training Steps",
  "paths": [
    "/share/thickstun/sychou/workspace/research/s-flm/outputs/hflm_curv_init_lr_sudoku/bl_d-hard_a-langflow_full_rs1"
  ],
  "loaded_steps": [
    5000,
    10000,
    15000,
    20000
  ],
  "num_batches": 8,
  "batch_size": 16
}