{
  "t": [
    0.001,
    0.03221875,
    0.0634375,
    0.09465625,
    0.125875,
    0.15709375,
    0.1883125,
    0.21953125,
    0.25075,
    0.28196875,
    0.3131875,
    0.34440625,
    0.375625,
    0.40684375,
    0.4380625,
    0.46928125,
    0.5005,
    0.53171875,
    0.5629375,
    0.59415625,
    0.625375,
    0.65659375,
    0.6878125,
    0.71903125,
    0.75025,
    0.78146875,
    0.8126875,
    0.84390625,
    0.875125,
    0.90634375,
    0.9375625,
    0.96878125,
    1.0
  ],
  "curves": {
    "5K": [
      0.0,
      0.0,
      0.0,
      0.0,
      0.0,
      0.0,
      0.0,
      0.0,
      0.0,
      0.0,
      0.0,
      0.0,
      0.0,
      0.0,
      0.0,
      0.0,
      0.0,
      0.0,
      0.0,
      0.0,
      0.0,
      0.0,
      0.0,
      3.1392892654951453e-11,
      1.140605305585903e-09,
      2.008029980994875e-08,
      1.9839357330996526e-07,
      1.2422075200079694e-06,
      5.67764240504096e-06,
      2.5608275985617317e-05,
      0.004359652738222915,
      0.1515203138415733,
      0.4983341452780734
    ],
    "10K": [
      0.0,
      0.0,
      0.0,
      0.0,
      0.0,
      0.0,
      0.0,
      0.0,
      0.0,
      0.0,
      0.0,
      0.0,
      0.0,
      0.0,
      0.0,
      0.0,
      0.0,
      0.0,
      0.0,
      8.371438186855242e-11,
      8.162149932213409e-10,
      8.06794884583136e-09,
      7.262815096397757e-08,
      4.011008774356791e-07,
      1.8611850525681557e-06,
      8.016902754891643e-06,
      0.0001683874877190657,
      0.009813277704871438,
      0.060451944892326095,
      0.15470041451829203,
      0.22562939665290746,
      0.25925457075740516,
      0.2907743748654141
    ],
    "15K": [
      0.0,
      0.0,
      0.0,
      0.0,
      0.0,
      0.0,
      0.0,
      0.0,
      0.0,
      0.0,
      0.0,
      0.0,
      0.0,
      0.0,
      0.0,
      0.0,
      2.0928595934928703e-11,
      2.930002308192578e-10,
      5.7344231735125215e-09,
      6.288943051218625e-08,
      3.619618025133216e-07,
      1.5956160741246022e-06,
      5.8734080534470215e-06,
      0.00016776785948392254,
      0.013757907717457314,
      0.05364156405577499,
      0.11733876654271329,
      0.16864989848619097,
      0.2024893466006504,
      0.21751806441317784,
      0.22473743524444237,
      0.2302499326427331,
      0.2402668883291523
    ],
    "20K": [
      0.0,
      0.0,
      0.0,
      0.0,
      0.0,
      0.0,
      0.0,
      0.0,
      0.0,
      0.0,
      0.0,
      0.0,
      0.0,
      0.0,
      0.0,
      7.429637835042082e-10,
      3.740659210098385e-08,
      4.0031383559324425e-07,
      1.877132464787894e-06,
      5.8149219440882295e-06,
      1.7857279764551124e-05,
      0.0004112720868832777,
      0.025687973485903792,
      0.07611205972982256,
      0.13802246297343393,
      0.19205177901835924,
      0.2252341950877329,
      0.23861556642510917,
      0.24343192041589973,
      0.24632555447267682,
      0.2479645134357924,
      0.250177538796757,
      0.26149973708592106
    ]
  },
  "norms": {
    "5K": [
      25.606741230139573,
      25.14743282018083,
      24.916974014110778,
      24.728442588548983,
      24.561584815550386,
      24.409046301681006,
      24.267295237337606,
      24.134386384085325,
      24.00914361503687,
      23.89081907808111,
      23.778913862249823,
      23.673085416300914,
      23.573084113303196,
      23.47872616199965,
      23.389867546853054,
      23.30638551176264,
      23.228177874275808,
      23.155146223775457,
      23.08720003620962,
      23.02425015910288,
      22.966200410650018,
      22.912961466928547,
      22.864441432309956,
      22.82054326775369,
      22.781178335125528,
      22.74625491024403,
      22.71569275588132,
      22.689422435974805,
      22.66739131627458,
      22.649582252073824,
      22.636042562763343,
      22.626957411176704,
      22.623053389988588
    ],
    "10K": [
      37.804906609353054,
      35.63054014055916,
      34.038551930631144,
      32.59190900138255,
      31.26591440265098,
      30.05996121181531,
      28.975079482860778,
      28.009804372037394,
      27.15974169098929,
      26.41813162471471,
      25.77663224466731,
      25.22602655646506,
      24.75682016436973,
      24.3596626881803,
      24.02565671084972,
      23.74654019816538,
      23.514792110143084,
      23.323659146769664,
      23.167156776685392,
      23.040021917793187,
      22.937671961409322,
      22.856130707130003,
      22.791962355710147,
      22.742214588636763,
      22.704351532325315,
      22.67619752348139,
      22.655889789709885,
      22.641830444335938,
      22.632644653320312,
      22.627149260445925,
      22.624314383174596,
      22.623227408762727,
      22.623053732882724
    ],
    "15K": [
      51.27630958128511,
      47.86839997366573,
      44.317027231280726,
      40.73661409870962,
      37.38579190714975,
      34.420330261916256,
      31.90141176373771,
      29.82576108782479,
      28.153977983453302,
      26.830862323889573,
      25.797934199986834,
      25.000302775522297,
      24.3898414868987,
      23.926160490914675,
      23.576349151268435,
      23.31416063630179,
      23.118949632966117,
      22.974665438191273,
      22.868903342257724,
      22.79213328843706,
      22.73706346147516,
      22.698120802975772,
      22.67106508405021,
      22.652679443359375,
      22.640528132406512,
      22.63277958216292,
      22.628066502260356,
      22.625376669208656,
      22.623975603767995,
      22.623339535145277,
      22.623109281732795,
      22.623055618800475,
      22.623053904329794
    ],
    "20K": [
      62.88623938399754,
      58.77017040466994,
      53.22376105490695,
      47.20389033971208,
      41.57472486174508,
      36.7971541158269,
      32.98992954211289,
      30.080346268214537,
      27.920037087429776,
      26.348665387442942,
      25.222521149710325,
      24.42413775840502,
      23.862652382154142,
      23.47026147735253,
      23.197554684756845,
      23.009073836080145,
      22.87960506824965,
      22.79132817300518,
      22.73168653852484,
      22.69184686896506,
      22.665616153331285,
      22.648648894234988,
      22.637918022241486,
      22.631320739060307,
      22.627406945389307,
      22.625190134798544,
      22.6240078358168,
      22.623428516173632,
      22.623174088724543,
      22.623082707437238,
      22.623057676165292,
      22.62305304709445,
      22.623053904329794
    ]
  },
  "title": "Loss Geometry on Training Steps",
  "paths": [
    "/share/thickstun/sychou/workspace/research/s-flm/outputs/hflm_curv_init_lr_sudoku/bl_d-hard_a-langflow_full_rs1"
  ],
  "loaded_steps": [
    5000,
    10000,
    15000,
    20000
  ],
  "num_batches": 8,
  "batch_size": 16
}