{
  "t": [
    0.001,
    0.03221875,
    0.0634375,
    0.09465625,
    0.125875,
    0.15709375,
    0.1883125,
    0.21953125,
    0.25075,
    0.28196875,
    0.3131875,
    0.34440625,
    0.375625,
    0.40684375,
    0.4380625,
    0.46928125,
    0.5005,
    0.53171875,
    0.5629375,
    0.59415625,
    0.625375,
    0.65659375,
    0.6878125,
    0.71903125,
    0.75025,
    0.78146875,
    0.8126875,
    0.84390625,
    0.875125,
    0.90634375,
    0.9375625,
    0.96878125,
    1.0
  ],
  "curves": {
    "5K": [
      0.0014703797160109389,
      0.0011920107407377145,
      0.0013989509427574376,
      0.002585275640740292,
      0.0065625614079181105,
      0.013896352786105126,
      0.02445633476600051,
      0.03822113131172955,
      0.05481817061081529,
      0.07706130808219314,
      0.10852367710322142,
      0.14775602705776691,
      0.19868705049157143,
      0.2674560882151127,
      0.3624024726450443,
      0.4963679239153862,
      0.6911415085196495,
      1.0159860476851463,
      1.54400435090065,
      2.3306987583637238,
      3.376555919647217,
      4.6626463532447815,
      5.562163054943085,
      5.838915228843689,
      5.910492360591888,
      5.9261839389801025,
      5.929311215877533,
      5.929566979408264,
      5.929422497749329,
      5.929292440414429,
      5.929184257984161,
      5.929251074790955,
      5.930287480354309
    ],
    "20K": [
      0.0012854364376884142,
      0.0011066817271419005,
      0.0012274769200519842,
      0.0014441632002544225,
      0.0018989230370607402,
      0.002887845868826844,
      0.0038226876204134896,
      0.005680623173248023,
      0.008026555180549622,
      0.011618778284173459,
      0.017617945617530495,
      0.025400514248758554,
      0.03725166548974812,
      0.058001558762043715,
      0.09268076159060001,
      0.15461328998208046,
      0.2634165585041046,
      0.4341297149658203,
      0.8127580061554909,
      1.441284418106079,
      2.437592178583145,
      3.8890831768512726,
      5.251189589500427,
      5.808935463428497,
      5.935990929603577,
      5.965529978275299,
      5.971737623214722,
      5.973620414733887,
      5.974504590034485,
      5.974826216697693,
      5.97496235370636,
      5.975357532501221,
      5.970404088497162
    ],
    "30K": [
      0.001348221724931875,
      0.0012616648556011967,
      0.0014066351617572082,
      0.0017762994554004763,
      0.0022153460458866903,
      0.0030375836249731947,
      0.0038959837838774547,
      0.004648670641472563,
      0.006309904099907726,
      0.009019622462801635,
      0.013061845500487834,
      0.02154353493824601,
      0.03424840827938169,
      0.05778589937835932,
      0.10242613404989243,
      0.17618217319250107,
      0.3101194202899933,
      0.5217117592692375,
      1.05780541151762,
      1.8356603980064392,
      2.917597234249115,
      4.391444444656372,
      5.491474688053131,
      5.872614920139313,
      5.950194299221039,
      5.966006636619568,
      5.96918261051178,
      5.969901502132416,
      5.970440626144409,
      5.970841109752655,
      5.97100555896759,
      5.971253573894501,
      5.969752907752991
    ]
  },
  "norms": {
    "5K": [
      0.9534013867378235,
      0.9465522766113281,
      0.9413551986217499,
      0.9345998913049698,
      0.9251155406236649,
      0.9126404300332069,
      0.8970919400453568,
      0.8780132904648781,
      0.8546557947993279,
      0.8262231424450874,
      0.7914934307336807,
      0.749884769320488,
      0.7043368369340897,
      0.6635196805000305,
      0.644003264605999,
      0.6683549955487251,
      0.7462726756930351,
      0.8395554721355438,
      0.908271037042141,
      0.9499168321490288,
      0.9732108861207962,
      0.9857901334762573,
      0.992480605840683,
      0.9960182756185532,
      0.9978865683078766,
      0.9988744035363197,
      0.9993980303406715,
      0.999676525592804,
      0.9998252466320992,
      0.9999050348997116,
      0.9999480545520782,
      0.9999713972210884,
      0.9999841451644897
    ],
    "20K": [
      0.9579817801713943,
      0.9565816521644592,
      0.9573199227452278,
      0.9573430046439171,
      0.9560600742697716,
      0.953138142824173,
      0.9478228092193604,
      0.9392507150769234,
      0.9267158061265945,
      0.9084029048681259,
      0.8809394761919975,
      0.8408557400107384,
      0.7856863364577293,
      0.7166710570454597,
      0.6438600942492485,
      0.5952229872345924,
      0.6189191490411758,
      0.7267193272709846,
      0.8383372351527214,
      0.9123488962650299,
      0.9542785584926605,
      0.9765502214431763,
      0.9880544319748878,
      0.9939264133572578,
      0.9969101622700691,
      0.9984249770641327,
      0.9991948306560516,
      0.999586895108223,
      0.9997871592640877,
      0.9998897910118103,
      0.9999426007270813,
      0.999969907104969,
      0.9999841302633286
    ],
    "30K": [
      0.9585471600294113,
      0.9553772434592247,
      0.9564480856060982,
      0.9580651074647903,
      0.9583330601453781,
      0.956628292798996,
      0.95280322432518,
      0.9464432597160339,
      0.9358777478337288,
      0.9184299930930138,
      0.8911082893610001,
      0.8505570814013481,
      0.7936811745166779,
      0.7209241837263107,
      0.642434723675251,
      0.5873849168419838,
      0.6070357039570808,
      0.7167510017752647,
      0.8322526216506958,
      0.9090911895036697,
      0.9526353925466537,
      0.9757462739944458,
      0.9876681789755821,
      0.9937433302402496,
      0.9968244731426239,
      0.9983854442834854,
      0.9991769567131996,
      0.9995790123939514,
      0.9997837990522385,
      0.9998884424567223,
      0.9999421313405037,
      0.9999697655439377,
      0.9999841302633286
    ]
  },
  "dists": {
    "5K": [
      0.14522200615571496,
      0.8718792727167917,
      1.3447324737982318,
      1.7940971032994286,
      2.246915215484834,
      2.7137739879371274,
      3.4068358973709625,
      4.094528905424249,
      4.692913106217467,
      5.28117315421077,
      5.867028885643409,
      6.452209526432409,
      7.037183386099944,
      7.6220897092553,
      8.206973278571864,
      8.791849307913987,
      9.37672308473532,
      9.961596402712823,
      10.54646980616577,
      11.131343407851263,
      11.716216068543467,
      12.30109109525391,
      12.885965084182468,
      13.470839138820551,
      14.055712103097441,
      14.640586210871739,
      15.225460317564833,
      15.810333289068911,
      16.3952083982291,
      16.980082596667742,
      17.56495675958203,
      18.149831132011364,
      18.734705211008507
    ],
    "20K": [
      0.5483068929146087,
      1.5673329811684746,
      1.9629633885391367,
      2.325404238661289,
      2.7154586783850965,
      3.1576637225748017,
      3.9193834536791203,
      4.626766870862364,
      5.231501370363663,
      5.816849936011587,
      6.413451254066935,
      7.023282468233298,
      7.643314604654807,
      8.269808972310658,
      8.899945096945011,
      9.531999867483192,
      10.1650293861842,
      10.798544935130185,
      11.43230057386744,
      12.066174264671023,
      12.700104663687348,
      13.33406586944951,
      13.968039773333892,
      14.602020491819658,
      15.236003338679945,
      15.869989028940157,
      16.503975495113266,
      17.137961248957964,
      17.77194939620836,
      18.405936715583007,
      19.039923656351927,
      19.673911527389834,
      20.307898228330643
    ],