{
  "t": [
    0.001,
    0.03221875,
    0.0634375,
    0.09465625,
    0.125875,
    0.15709375,
    0.1883125,
    0.21953125,
    0.25075,
    0.28196875,
    0.3131875,
    0.34440625,
    0.375625,
    0.40684375,
    0.4380625,
    0.46928125,
    0.5005,
    0.53171875,
    0.5629375,
    0.59415625,
    0.625375,
    0.65659375,
    0.6878125,
    0.71903125,
    0.75025,
    0.78146875,
    0.8126875,
    0.84390625,
    0.875125,
    0.90634375,
    0.9375625,
    0.96878125,
    1.0
  ],
  "curves": {
    "5K": [
      1.534943212493417e-06,
      1.6198806365588262e-06,
      1.5061233692025514e-06,
      1.2320759585205717e-06,
      1.1228394010032297e-06,
      1.0704866275609878e-06,
      1.03349534226019e-06,
      1.002866442474207e-06,
      9.793008727039827e-07,
      9.682505938297744e-07,
      9.534645399204298e-07,
      9.500950357740683e-07,
      9.614383354469129e-07,
      9.72352598877519e-07,
      9.986598148786338e-07,
      1.0365509378868991e-06,
      1.0951614436390024e-06,
      1.1614107749532133e-06,
      1.2598797429439329e-06,
      1.3758868344973124e-06,
      1.5286862159545502e-06,
      1.7347906935591187e-06,
      2.015442486879876e-06,
      2.388943613276639e-06,
      3.0162430785627765e-06,
      1.0513397202803491e-05,
      0.00015323989654451693,
      0.007710473925879832,
      0.03975254280513592,
      0.10990313599618633,
      0.20842429225364428,
      0.2884368173192056,
      0.33186995581294715
    ],
    "10K": [
      1.1835119790560109e-08,
      1.2023477165201441e-08,
      9.281831573001031e-09,
      4.593826482758313e-09,
      1.5801089076373674e-09,
      7.638937297946697e-10,
      4.708934029224086e-10,
      3.2439323200162847e-10,
      2.9300033997039783e-10,
      2.5114314872426126e-10,
      2.3021455029444934e-10,
      2.3021455278933254e-10,
      1.7789306357573157e-10,
      1.4650017029705932e-10,
      1.4650017029705932e-10,
      1.1510727701838706e-10,
      1.255715749858514e-10,
      1.4650017092078012e-10,
      1.7789306482317318e-10,
      2.406788476381929e-10,
      4.395005034065284e-10,
      7.848223145026239e-10,
      1.6952161821608712e-09,
      4.457790640991037e-09,
      1.3279192836471134e-08,
      3.663550425821842e-08,
      7.977980096277381e-08,
      1.7511999349255675e-07,
      4.1682391526868167e-07,
      0.00016413028191727996,
      0.0275711916135938,
      0.16342291671238587,
      0.2812848867995016
    ],
    "15K": [
      4.081076113752977e-10,
      4.290362073102264e-10,
      4.499647920181807e-10,
      3.767147174729047e-10,
      2.0928595373579982e-10,
      2.0928595934928703e-11,
      1.0464297967464351e-11,
      1.0464297967464351e-11,
      1.0464297967464351e-11,
      0.0,
      0.0,
      1.0464297967464351e-11,
      1.0464297967464351e-11,
      1.0464297967464351e-11,
      1.0464297967464351e-11,
      1.0464297967464351e-11,
      1.0464297967464351e-11,
      1.0464297967464351e-11,
      1.0464297967464351e-11,
      1.0464297967464351e-11,
      1.0464297967464351e-11,
      1.0464297967464351e-11,
      0.0,
      0.0,
      0.0,
      0.0,
      0.0,
      1.0464297967464351e-11,
      2.6160744606800477e-10,
      5.954184780676677e-09,
      6.776094799053599e-06,
      0.0468061686901564,
      0.2696329207902544
    ],
    "20K": [
      5.2321489213600956e-11,
      4.1857191869857405e-11,
      2.0928595934928703e-11,
      1.0464297967464351e-11,
      0.0,
      0.0,
      0.0,
      0.0,
      0.0,
      0.0,
      0.0,
      0.0,
      0.0,
      0.0,
      0.0,
      0.0,
      0.0,
      0.0,
      0.0,
      0.0,
      0.0,
      0.0,
      0.0,
      0.0,
      0.0,
      0.0,
      2.0928595934928703e-11,
      3.1392893902393054e-11,
      3.1392893902393054e-11,
      1.7789306295201076e-10,
      4.782183498136465e-09,
      0.005584022035466486,
      0.26635182841440264
    ]
  },
  "norms": {
    "5K": [
      6.840491648470418,
      6.678378158740783,
      6.607231397307321,
      6.61782425441099,
      6.7049461964810835,
      6.864864049332865,
      7.093200340699614,
      7.384494138567635,
      7.732494139939211,
      8.130633664934823,
      8.572479076599807,
      9.052033928003205,
      9.563916152782655,
      10.10341678576523,
      10.666487704502062,
      11.249687966336026,
      11.85011497240388,
      12.465327059285025,
      13.093272348468224,
      13.732227968365958,
      14.38074176231127,
      15.037591827049685,
      15.70173576440704,
      16.37229370802976,
      17.04851129081812,
      17.729746100607883,
      18.41544162021594,
      19.1051181407457,
      19.798364703574876,
      20.494815440660112,
      21.194155918078476,
      21.89610993460323,
      22.600434035397647
    ],
    "10K": [
      13.913578847820839,
      13.51147546661034,
      13.165551689233673,
      12.868287332941977,
      12.61622191011236,
      12.409266096822332,
      12.248775525039502,
      12.13653478729591,
      12.07425338230776,
      12.063284713230775,
      12.104449840074174,
      12.197936668824614,
      12.34326257598534,
      12.539288295788712,
      12.784281184164326,
      13.07601345790906,
      13.411884607893697,
      13.789039697539941,
      14.204493661944786,
      14.655230747180038,
      15.138287319226212,
      15.650818213987886,
      16.1901344556487,
      16.753732745567063,
      17.33930626344145,
      17.944750839404847,
      18.5681544957536,
      19.207791274852966,
      19.862111980995437,
      20.529720349258252,
      21.209368759326722,
      21.899941948022736,
      22.60043935025676
    ],
    "15K": [
      23.695369420426616,
      22.979351429457076,
      22.304555142863414,
      21.66437041893434,
      21.0547229895431,
      20.474639035342783,
      19.92495676104942,
      19.40750259227967,
      18.92467250181048,
      18.479242046227615,
      18.074229036824086,
      17.712805758701283,
      17.398197645551704,
      17.13357869694742,
      16.921959351957515,
      16.766064590282653,
      16.668204832612798,
      16.630162099773965,
      16.653090916322856,
      16.73745247487272,
      16.882983089832777,
      17.08871494250351,
      17.353025800726385,
      17.673725428206197,
      18.048170968387904,
      18.473386271616047,
      18.946177793352792,
      19.46324774924289,
      20.02129115415423,
      20.61706560113457,
      21.247454353932586,
      21.90950406535288,
      22.600450151422052
    ],
    "20K": [
      34.20740706197331,
      33.15913648283883,
      32.14509256770102,
      31.15941937050123,
      30.197797110911164,
      29.258562752370086,
      28.34182259206022,
      27.448739041103405,
      26.58114761181092,
      25.741401929533883,
      24.932295209906073,
      24.15703522757198,
      23.41923711540994,
      22.722903991013432,
      22.072420270255442,
      21.472515320510006,
      20.92820345417837,
      20.44468586096603,
      20.02722270836991,
      19.680954322386324,
      19.410691336299596,
      19.22067003571585,
      19.114324676856565,
      19.09405500433418,
      19.161070234320135,
      19.315301787987185,
      19.555406206109552,
      19.87885978784454,
      20.28213981028353,
      20.760930607827863,
      21.31037731384963,
      21.925312856609903,
      22.600467810470068
    ]
  },
  "title": "Loss Geometry on Training Steps",
  "paths": [
    "/share/thickstun/sychou/workspace/research/s-flm/outputs/hflm_curv_init_lr_sudoku/bl_d-hard_a-eflm_rs1"
  ],
  "loaded_steps": [
    5000,
    10000,
    15000,
    20000
  ],
  "num_batches": 8,
  "batch_size": 16
}