{
  "t": [
    0.001,
    0.03221875,
    0.0634375,
    0.09465625,
    0.125875,
    0.15709375,
    0.1883125,
    0.21953125,
    0.25075,
    0.28196875,
    0.3131875,
    0.34440625,
    0.375625,
    0.40684375,
    0.4380625,
    0.46928125,
    0.5005,
    0.53171875,
    0.5629375,
    0.59415625,
    0.625375,
    0.65659375,
    0.6878125,
    0.71903125,
    0.75025,
    0.78146875,
    0.8126875,
    0.84390625,
    0.875125,
    0.90634375,
    0.9375625,
    0.96878125,
    1.0
  ],
  "curves": {
    "5K": [
      1.5344095537033498e-06,
      1.573608570968931e-06,
      1.4767826613616931e-06,
      1.2342839561804365e-06,
      1.124136963809495e-06,
      1.0690111614596308e-06,
      1.0304502211511135e-06,
      1.0009933636835096e-06,
      9.790078825624712e-07,
      9.673088069565679e-07,
      9.516542162641548e-07,
      9.482428549234284e-07,
      9.596384760892291e-07,
      9.712015260324887e-07,
      9.96975083243536e-07,
      1.0347615530468481e-06,
      1.0917082251039114e-06,
      1.158428490730892e-06,
      1.2574206838702124e-06,
      1.3747985167867044e-06,
      1.5294710383488892e-06,
      1.7356592303421872e-06,
      2.014103036222121e-06,
      2.3873215856807556e-06,
      2.982371370308101e-06,
      4.460398731373899e-06,
      0.0002166772733953928,
      0.005432343185000289,
      0.02939123794269026,
      0.09140307046054455,
      0.18555159113380346,
      0.27049447713273295,
      0.31857909781209537
    ],
    "10K": [
      1.1803726735114027e-08,
      1.2201370241251588e-08,
      9.920153387882012e-09,
      5.001934087896403e-09,
      1.590573236167151e-09,
      7.848223194923904e-10,
      4.813577002661522e-10,
      3.662504220003235e-10,
      2.511431499717028e-10,
      2.5114315121914443e-10,
      2.1975025544558898e-10,
      1.8835736091947514e-10,
      1.7789306232828998e-10,
      1.3603587357703656e-10,
      1.1510727701838706e-10,
      9.417868170717917e-11,
      8.371438311599402e-11,
      1.2557157560957222e-10,
      1.9882165951066029e-10,
      3.243932307541869e-10,
      4.3950050527769074e-10,
      8.685367107167548e-10,
      1.6115018333495212e-09,
      4.520576432538149e-09,
      1.3111763899339646e-08,
      3.629018240470931e-08,
      8.011465851769173e-08,
      1.749525672698582e-07,
      4.0662141319454564e-07,
      0.0003246401085173633,
      0.0207532076688295,
      0.14865190527412328,
      0.27332320374049496
    ],
    "15K": [
      4.2903620232046e-10,
      4.6042909809401545e-10,
      4.708933916954342e-10,
      3.767147081170926e-10,
      1.4650017029705932e-10,
      6.278578530990291e-11,
      4.1857191246136605e-11,
      1.0464297967464351e-11,
      1.0464297967464351e-11,
      1.0464297967464351e-11,
      0.0,
      0.0,
      1.0464297967464351e-11,
      1.0464297967464351e-11,
      1.0464297967464351e-11,
      1.0464297967464351e-11,
      1.0464297967464351e-11,
      1.0464297967464351e-11,
      0.0,
      0.0,
      0.0,
      0.0,
      0.0,
      0.0,
      0.0,
      0.0,
      0.0,
      1.0464297967464351e-11,
      2.0928595498324143e-10,
      5.7030419338332835e-09,
      1.3593693530423112e-06,
      0.03957767282309157,
      0.2640791635834769
    ],
    "20K": [
      5.2321489213600956e-11,
      4.1857191869857405e-11,
      2.0928595934928703e-11,
      1.0464297967464351e-11,
      1.0464297967464351e-11,
      0.0,
      0.0,
      0.0,
      0.0,
      0.0,
      0.0,
      0.0,
      0.0,
      0.0,
      0.0,
      0.0,
      0.0,
      0.0,
      0.0,
      0.0,
      0.0,
      0.0,
      0.0,
      0.0,
      0.0,
      1.0464297967464351e-11,
      2.0928595934928703e-11,
      5.2321486718717755e-11,
      8.371437188901961e-11,
      1.6742875874733843e-10,
      4.541504949884256e-09,
      0.0013216251946902007,
      0.2599869685226612
    ]
  },
  "norms": {
    "5K": [
      6.840501335229766,
      6.678710680329398,
      6.607897640614027,
      6.6188040744052845,
      6.706206675325887,
      6.8663660970966465,
      7.094901352785946,
      7.386353139127238,
      7.734471867593487,
      8.132694801587737,
      8.574593790461508,
      9.054176244842871,
      9.566065413228582,
      10.105555587940001,
      10.66860173257549,
      11.25176684776049,
      11.852149534761235,
      12.46730984462781,
      13.095198899172665,
      13.734093826808287,
      14.382542470867714,
      15.039324985461288,
      15.703399486756057,
      16.373886279845507,
      17.050031169076984,
      17.73119208518039,
      18.41681353965502,
      19.10641513781601,
      19.79958626393522,
      20.495960192733936,
      21.195224719101123,
      21.897102270233496,
      22.601349048400195
    ],
    "10K": [
      13.913586391491837,
      13.511728693929951,
      13.166074431344365,
      12.869079932737886,
      12.61727596668715,
      12.410569265987096,
      12.250312719452246,
      12.138287662120348,
      12.076201535342785,
      12.065405684910463,
      12.10671859912658,
      12.200328183977792,
      12.345750272943732,
      12.54184542880969,
      12.786880836058199,
      13.078632483321629,
      13.414499175682497,
      13.791628376821453,
      14.207037250647383,
      14.657711929149842,
      15.14069049278002,
      15.653132235066275,
      16.19234749440397,
      16.75583640109287,
      17.3412929920668,
      17.946614811929425,
      18.569891254553635,
      19.209396190857618,
      19.863582996839888,
      20.531054893236483,
      21.21056580275632,
      21.900999433538885,
      22.601356934965327
    ],
    "15K": [
      23.695376621203476,
      22.979615115047842,
      22.30509468678678,
      21.665189593025808,
      21.05581699328476,
      20.47600152519312,
      19.92657933610209,
      19.409375822945925,
      18.926785415477966,
      18.481581270025018,
      18.076778626174068,
      17.715549083238237,
      17.401112760050914,
      17.136642627501757,
      16.92514741018917,
      16.76934917321366,
      16.671555937006232,
      16.633549208051704,
      16.656481624989027,
      16.740814894772647,
      16.886285503258865,
      17.091927003324702,
      17.35611733425869,
      17.6766712317306,
      18.05094806799728,
      18.47597289353274,
      18.94855644997586,
      19.465403867571542,
      20.02321410447024,
      20.618746639637465,
      21.248886108398438,
      21.910682249604985,
      22.60137219375439
    ],
    "20K": [
      34.20741563432672,
      33.15942657127809,
      32.145683031403614,
      31.160310552361306,
      30.19898558198736,
      29.260043712144487,
      28.34358883975597,
      27.45078543330846,
      26.583464890383603,
      25.743984265273877,
      24.935129229942063,
      24.160109959291606,
      23.4225364427888,
      22.726410769344717,
      22.076114097338046,
      21.47637202230732,
      20.93219439903002,
      20.448780016952686,
      20.031385271736745,
      19.685146717543013,
      19.414870187137904,
      19.224792137574614,
      19.118342196003773,
      19.097921650061448,
      19.164740573154408,
      19.318732100926088,
      19.55855551730381,
      19.881694322221733,
      20.28462767868899,
      20.7630496935898,
      21.31210927213176,
      21.92664568611745,
      22.601394481873243
    ]
  },