{
  "t": [
    0.001,
    0.03221875,
    0.0634375,
    0.09465625,
    0.125875,
    0.15709375,
    0.1883125,
    0.21953125,
    0.25075,
    0.28196875,
    0.3131875,
    0.34440625,
    0.375625,
    0.40684375,
    0.4380625,
    0.46928125,
    0.5005,
    0.53171875,
    0.5629375,
    0.59415625,
    0.625375,
    0.65659375,
    0.6878125,
    0.71903125,
    0.75025,
    0.78146875,
    0.8126875,
    0.84390625,
    0.875125,
    0.90634375,
    0.9375625,
    0.96878125,
    1.0
  ],
  "curves": {
    "5K": [
      3.5966265560101633e-06,
      2.593894013637949e-06,
      1.8782125919366652e-06,
      1.4817432294079113e-06,
      1.4144997897275377e-06,
      1.4615979830778905e-06,
      1.8247126186661568e-06,
      3.4591028227449887e-06,
      8.537056917989146e-06,
      1.8372520796393484e-05,
      3.335951597170167e-05,
      5.6729339979774725e-05,
      7.709374968021365e-05,
      0.00010057182683677445,
      0.0001632133391896705,
      0.00027320339303810984,
      0.00040493606146800414,
      0.0005877466101900496,
      0.0007957053616684809,
      0.0010787256358301247,
      0.0014933106719040093,
      0.0018493069843990792,
      0.002655700826232604,
      0.004198679459814945,
      0.0071381761200642315,
      0.01265482637989387,
      0.026621636212541815,
      0.06766973653536164,
      0.1506119015511502,
      0.24524541383378962,
      0.30155661668670314,
      0.32291959912589424,
      0.32760675569598596
    ],
    "10K": [
      2.970080182994219e-07,
      2.843776098998614e-07,
      9.487976850129159e-08,
      3.0545280242733315e-08,
      2.3764416352370584e-08,
      1.5382516374281774e-08,
      1.6073159761954945e-08,
      1.7402120573514664e-08,
      1.9128708923959452e-08,
      2.1075014652279002e-08,
      3.2553855221981956e-08,
      4.6553715788688987e-08,
      5.221561574929826e-07,
      2.0818148883474062e-06,
      5.770691888105932e-06,
      2.3095606990680383e-05,
      4.7668176524519806e-05,
      0.00010221151954505678,
      0.00022107666175062978,
      0.0003326103169414959,
      0.0007909396732918978,
      0.0005884464381297681,
      0.0008055892928210044,
      0.0009545778261014951,
      0.0010198522830026204,
      0.0013114585033670236,
      0.002023225124360303,
      0.003916915767731961,
      0.010820226262459594,
      0.04640695620118902,
      0.14781051137474147,
      0.23454572377579935,
      0.27438465932781775
    ],
    "15K": [
      5.034373030315017e-08,
      5.2373804229840094e-08,
      1.0767761334259223e-08,
      2.825360401317711e-10,
      2.825360395080503e-10,
      3.662504238714859e-10,
      8.057507139655005e-10,
      1.5591783220330856e-09,
      2.699777961739238e-09,
      4.949559478877119e-09,
      1.0254709301441355e-08,
      2.1439967105056588e-08,
      5.381980177875502e-08,
      1.485263119485197e-07,
      4.878240527433471e-07,
      6.652697953273453e-07,
      4.757165016807387e-06,
      2.8619807666146835e-06,
      0.00012308736848138635,
      0.00036321697153907594,
      0.0004592918942366812,
      0.00040949451926723993,
      0.0005999034569970135,
      0.0010342202077900469,
      0.0006169390911800497,
      0.0006812813177082185,
      0.000957153941598836,
      0.0012569006295675893,
      0.0032390290191083144,
      0.012254041232419818,
      0.049647048618016616,
      0.19095191660891758,
      0.25586501668008527
    ],
    "20K": [
      2.0141655614281077e-07,
      1.7200148305890027e-07,
      5.085648316953359e-09,
      6.906436371614904e-10,
      4.6042909996517787e-10,
      3.243932288830245e-10,
      3.87179015440369e-10,
      7.011076638104066e-10,
      1.2033932870167439e-09,
      4.886783313836841e-09,
      1.3132246213686112e-08,
      1.572736647032633e-08,
      3.10978484237076e-08,
      1.1948897800045996e-07,
      8.013838670689298e-07,
      3.097642954641308e-05,
      7.905633067749594e-06,
      7.838218363104464e-06,
      8.564806438844585e-05,
      0.00020916597742895793,
      0.0001951710262331981,
      0.0002576782030218786,
      0.00043595906016483576,
      0.0003328667447026981,
      0.00027329358993718805,
      0.0008720658837099497,
      0.000628065044571138,
      0.0017321565187813485,
      0.002681114347233029,
      0.016916232581218976,
      0.06590602639016141,
      0.19241781449050047,
      0.24574665005287427
    ]
  },
  "norms": {
    "5K": [
      1.0911360108450558,
      1.0714794651845867,
      1.0702003629020092,
      1.075095541021797,
      1.0815607563833172,
      1.0871929425871774,
      1.0907390680205955,
      1.0917575707596339,
      1.0902512475345911,
      1.08663900782553,
      1.0820698577366519,
      1.0786080306835388,
      1.0793072239736492,
      1.0883239467492265,
      1.1105401971366968,
      1.15018428845352,
      1.2079673724228077,
      1.2787474085775654,
      1.3541192901268433,
      1.427025805698352,
      1.4933467179201962,
      1.5513337381770103,
      1.600715122865827,
      1.6420209220286166,
      1.6761502040905898,
      1.704115556866935,
      1.7269029510155152,
      1.745405582899458,
      1.7603981575269378,
      1.7725346168775238,
      1.7823573123203236,
      1.7903107632411999,
      1.796756422921513
    ],
    "10K": [
      1.1538661142413535,
      1.1406595680151093,
      1.1467398525623793,
      1.1607130672154802,
      1.177933114298274,
      1.1957381602083699,
      1.2123211957095714,
      1.226517720168896,
      1.2373883108074746,
      1.2437558549173762,
      1.2442592770865795,
      1.2380169536290544,
      1.2253597773862688,
      1.2080684726157884,
      1.1891677513551175,
      1.173473658186666,
      1.1688312680533763,
      1.1852734812190024,
      1.2299038104796678,
      1.2989349365234375,
      1.379055387518379,
      1.4579000794485715,
      1.5286038430889002,
      1.588646192229196,
      1.6379517973139044,
      1.6775914952996072,
      1.7090381450867385,
      1.7337845362974016,
      1.753171535020464,
      1.768330456165785,
      1.780182056212693,
      1.7894589070523723,
      1.7967359992895233
    ],
    "15K": [
      1.1529595985841214,
      1.141829404938087,
      1.150850285305066,
      1.1686082154177548,
      1.1903186005153013,
      1.213247031308292,
      1.2356493874882044,
      1.2563778095031053,
      1.2742928922846075,
      1.2877952275651225,
      1.294947613491101,
      1.2940888994195487,
      1.2845131413320476,
      1.2669608191157995,
      1.2436411461133636,
      1.2179955793230721,
      1.1959007134598292,
      1.1878164269950953,
      1.2069535844781425,
      1.2596943673123135,
      1.3363280564211728,
      1.4198243430491244,
      1.4981552509779341,
      1.5658950591355227,
      1.6217587717463462,
      1.6665119642622015,
      1.701729099402267,
      1.7291467430886258,
      1.7503664252463351,
      1.7667466710122783,
      1.7793880419784718,
      1.7891580817404757,
      1.796729034252381
    ],
    "20K": [
      1.1413516569673345,
      1.1301916851086562,
      1.1407549140158664,
      1.161736049009173,
      1.1874479229530592,
      1.2148115286666357,
      1.242097233118636,
      1.2680193011680345,
      1.2910013413161374,
      1.308984467152799,
      1.3197881505730447,
      1.3216193552767292,
      1.3135353688443645,
      1.2959011377913228,
      1.2706614933656843,
      1.2411262962255585,
      1.212508908818277,
      1.1946589652072177,
      1.2024550384350037,
      1.2465239964174422,
      1.3200193147980765,
      1.4045707295449932,
      1.4857291960984134,
      1.5565669670533597,
      1.6151398005110493,
      1.6620195367363062,
      1.6987999905361217,
      1.727315281214339,
      1.7492778435182035,
      1.7661443560310963,
      1.7790930244360077,
      1.7890491699904538,
      1.7967265911316603
    ]
  },
  "title": "Loss Geometry on Training Steps",