{
  "t": [
    0.001,
    0.03221875,
    0.0634375,
    0.09465625,
    0.125875,
    0.15709375,
    0.1883125,
    0.21953125,
    0.25075,
    0.28196875,
    0.3131875,
    0.34440625,
    0.375625,
    0.40684375,
    0.4380625,
    0.46928125,
    0.5005,
    0.53171875,
    0.5629375,
    0.59415625,
    0.625375,
    0.65659375,
    0.6878125,
    0.71903125,
    0.75025,
    0.78146875,
    0.8126875,
    0.84390625,
    0.875125,
    0.90634375,
    0.9375625,
    0.96878125,
    1.0
  ],
  "curves": {
    "5K": [
      3.6007075915845593e-06,
      2.5947838264656137e-06,
      1.9004695418976205e-06,
      1.4868603122951672e-06,
      1.4141545087501952e-06,
      1.4461960275317386e-06,
      1.566082103769138e-06,
      1.999005648991606e-06,
      3.25209028110447e-06,
      7.80578365051083e-06,
      1.5457485879482334e-05,
      3.9843434994887256e-05,
      5.291085608916362e-05,
      9.825099201162027e-05,
      0.000207890554786113,
      0.00041072370711415796,
      0.0006514216290750565,
      0.0008768443877578535,
      0.0010865223905895025,
      0.0013551851596766324,
      0.0017100993828851928,
      0.0021640473641219727,
      0.002763078050959981,
      0.003923209342226553,
      0.006544010316053134,
      0.01224745466802897,
      0.02697189436869675,
      0.07035099388508315,
      0.15415068422810416,
      0.24743071834692795,
      0.30326393481050984,
      0.32483124197199104,
      0.3295510672451405
    ],
    "10K": [
      2.962231933503226e-07,
      2.8523567982957817e-07,
      9.725516555887081e-08,
      3.1319638019135965e-08,
      2.409927358794346e-08,
      1.595805215810686e-08,
      1.835435961020062e-08,
      2.2634143408467526e-08,
      2.725908411852533e-08,
      3.441598207419712e-08,
      3.555645553768024e-08,
      4.156236495541481e-08,
      6.861944512728657e-08,
      1.1091422204648797e-07,
      4.5621837449899746e-07,
      2.3348367809437528e-06,
      1.2898185192040493e-05,
      1.1645139585170092e-05,
      0.00010134551096852641,
      0.0003033604677851686,
      0.0007188145925431783,
      0.000579855403465102,
      0.0007502963945048731,
      0.00090709847215161,
      0.0009552762118974907,
      0.0014730981622889292,
      0.0019242249015886128,
      0.0025075057081961898,
      0.007937188605579097,
      0.03546581023864532,
      0.13408400235551127,
      0.23782585444075338,
      0.27552228295401243
    ],
    "15K": [
      4.955890790881129e-08,
      5.1756410612960165e-08,
      1.1479333398951026e-08,
      2.9300033809923546e-10,
      2.9300034246528106e-10,
      3.9764328409295576e-10,
      8.894648694234024e-10,
      1.5068565571348909e-09,
      2.1974959355307564e-09,
      2.846277939930291e-09,
      3.788056779613046e-09,
      4.499621050289728e-09,
      4.415912000610298e-09,
      5.5565076335340285e-09,
      1.0516459872721415e-08,
      1.3205706351159738e-08,
      4.343403118316167e-08,
      1.6136401981406267e-07,
      3.4344391641039956e-06,
      8.774807386051056e-06,
      0.00032966521637505913,
      0.00031901627916094125,
      0.0006921436415851031,
      0.0004750910871029845,
      0.0005740915295687403,
      0.0006803954695723395,
      0.0008833267380355261,
      0.0012503954129989437,
      0.0020369210508076495,
      0.010343425111907922,
      0.047435181864191975,
      0.19222676352168735,
      0.2575194112370523
    ],
    "20K": [
      1.940601797808116e-07,
      1.6524155766541646e-07,
      5.117041252645046e-09,
      6.487864527762826e-10,
      5.441434818337303e-10,
      3.453218260653948e-10,
      4.1857188377020924e-10,
      5.336790522611771e-10,
      7.952861515404169e-10,
      1.4126780974723167e-09,
      1.852177945348284e-09,
      1.967285722590753e-09,
      3.6834228077142013e-09,
      3.892711406649915e-09,
      1.4042760517464862e-08,
      6.152700223462451e-08,
      6.859787937086497e-07,
      1.078180876095175e-05,
      5.937681346054786e-05,
      4.660446241684205e-05,
      8.995470082042737e-05,
      0.00021357383956527247,
      0.00022539383449734333,
      0.0001241897357916703,
      0.000352660056256007,
      0.00040734458321167857,
      0.0004890911282580398,
      0.002759746367731812,
      0.002161173076039243,
      0.01053467851257726,
      0.06717956618646558,
      0.1912591564521361,
      0.24747532940982434
    ]
  },
  "norms": {
    "5K": [
      1.0911358286825459,
      1.0714465259166246,
      1.0701072028513705,
      1.0749411422215152,
      1.0813495978880465,
      1.0869318822796425,
      1.0904409108536968,
      1.0914428796661033,
      1.0899419034464974,
      1.0863478585575403,
      1.0817981248491266,
      1.0783491241797973,
      1.0790465494220176,
      1.0880317152216192,
      1.1101686177628765,
      1.1496877777442505,
      1.2073470554994734,
      1.2780593164851157,
      1.3534288299217652,
      1.4263778107889582,
      1.4927647408474698,
      1.5508267049039348,
      1.6002827333600333,
      1.6416579257236439,
      1.6758490358845572,
      1.7038676015446694,
      1.7267001077030482,
      1.7452402650640253,
      1.7602638716108343,
      1.7724255336804335,
      1.782268909925825,
      1.7902391412284937,
      1.7966983023654208
    ],
    "10K": [
      1.1538663714119557,
      1.1406410838780778,
      1.1466702129063981,
      1.1605888966763958,
      1.1777555594283544,
      1.1955092355106653,
      1.2120473840263453,
      1.2262152875407357,
      1.2370838422453805,
      1.243477457025078,
      1.2440243517414908,
      1.237826936700371,
      1.2252027104409893,
      1.2079274574022614,
      1.1890278184012082,
      1.1733128301213296,
      1.16860056459234,
      1.1848985800582372,
      1.2293476897679019,
      1.2982601637250921,
      1.3783619912822596,
      1.4572559956754192,
      1.5280407251936665,
      1.5881725054108695,
      1.6375635125663843,
      1.67727877584736,
      1.7087893753908994,
      1.7335880150955714,
      1.7530171255047402,
      1.768209457397461,
      1.7800873102766743,
      1.7893847561954113,
      1.796677814440781
    ],
    "15K": [
      1.1529607022746224,
      1.1418346126427812,
      1.1508162209157193,
      1.1685243885168868,
      1.1901801784386796,
      1.2130521388536089,
      1.2354040467337277,
      1.256100601024842,
      1.2740133264091578,
      1.2875429539198286,
      1.2947418877248014,
      1.293934757789869,
      1.2844022793716259,
      1.2668748812729054,
      1.2435602659589788,
      1.2179035979710269,
      1.1957693528593256,
      1.1875808480080594,
      1.2065336784619964,
      1.2590902521369163,
      1.3356408751412723,
      1.4191535778259963,
      1.4975552719630552,
      1.56538596849763,
      1.6213411481192943,
      1.6661769781219826,
      1.7014643636982092,
      1.7289395064450381,
      1.7502051578478868,
      1.766621707530504,
      1.7792912386776356,
      1.7890830736481742,
      1.7966708494036385
    ],
    "20K": [
      1.1413534142997828,
      1.1302175093232916,
      1.1407517743914315,
      1.1616829432798235,
      1.1873345321483826,
      1.2146365883645047,
      1.2418724874432168,
      1.2677703064479184,
      1.2907592473405132,
      1.3087749052583502,
      1.3196259080693964,
      1.3215081504221713,
      1.313468386617939,
      1.2958613942178447,
      1.2706262717086279,
      1.2410755907551627,
      1.2124181275957087,
      1.1944707377573078,
      1.202083951971504,
      1.2459504631128204,
      1.3193390342626679,
      1.4038932028781161,
      1.485117537252019,
      1.5560458751206987,
      1.614712040076095,
      1.6616767068927207,
      1.6985295113552823,
      1.7271041870117188,
      1.7491141758608015,
      1.7660178495257088,
      1.778995449623365,
      1.788973861865783,
      1.7966683848520344
    ]
  },