{
  "t": [
    0.001,
    0.03221875,
    0.0634375,
    0.09465625,
    0.125875,
    0.15709375,
    0.1883125,
    0.21953125,
    0.25075,
    0.28196875,
    0.3131875,
    0.34440625,
    0.375625,
    0.40684375,
    0.4380625,
    0.46928125,
    0.5005,
    0.53171875,
    0.5629375,
    0.59415625,
    0.625375,
    0.65659375,
    0.6878125,
    0.71903125,
    0.75025,
    0.78146875,
    0.8126875,
    0.84390625,
    0.875125,
    0.90634375,
    0.9375625,
    0.96878125,
    1.0
  ],
  "curves": {
    "5K": [
      0.0014703797160109389,
      0.0011920107407377145,
      0.0013989509427574376,
      0.002585275640740292,
      0.0065625614079181105,
      0.013896352786105126,
      0.02445633476600051,
      0.03822113131172955,
      0.05481817061081529,
      0.07706130808219314,
      0.10852367710322142,
      0.14775602705776691,
      0.19868705049157143,
      0.2674560882151127,
      0.3624024726450443,
      0.4963679239153862,
      0.6911415085196495,
      1.0159860476851463,
      1.54400435090065,
      2.3306987583637238,
      3.376555919647217,
      4.6626463532447815,
      5.562163054943085,
      5.838915228843689,
      5.910492360591888,
      5.9261839389801025,
      5.929311215877533,
      5.929566979408264,
      5.929422497749329,
      5.929292440414429,
      5.929184257984161,
      5.929251074790955,
      5.930287480354309
    ],
    "20K": [
      0.0012854364376884142,
      0.0011066817271419005,
      0.0012274769200519842,
      0.0014441632002544225,
      0.0018989230370607402,
      0.002887845868826844,
      0.0038226876204134896,
      0.005680623173248023,
      0.008026555180549622,
      0.011618778284173459,
      0.017617945617530495,
      0.025400514248758554,
      0.03725166548974812,
      0.058001558762043715,
      0.09268076159060001,
      0.15461328998208046,
      0.2634165585041046,
      0.4341297149658203,
      0.8127580061554909,
      1.441284418106079,
      2.437592178583145,
      3.8890831768512726,
      5.251189589500427,
      5.808935463428497,
      5.935990929603577,
      5.965529978275299,
      5.971737623214722,
      5.973620414733887,
      5.974504590034485,
      5.974826216697693,
      5.97496235370636,
      5.975357532501221,
      5.970404088497162
    ],
    "30K": [
      0.001348221724931875,
      0.0012616648556011967,
      0.0014066351617572082,
      0.0017762994554004763,
      0.0022153460458866903,
      0.0030375836249731947,
      0.0038959837838774547,
      0.004648670641472563,
      0.006309904099907726,
      0.009019622462801635,
      0.013061845500487834,
      0.02154353493824601,
      0.03424840827938169,
      0.05778589937835932,
      0.10242613404989243,
      0.17618217319250107,
      0.3101194202899933,
      0.5217117592692375,
      1.05780541151762,
      1.8356603980064392,
      2.917597234249115,
      4.391444444656372,
      5.491474688053131,
      5.872614920139313,
      5.950194299221039,
      5.966006636619568,
      5.96918261051178,
      5.969901502132416,
      5.970440626144409,
      5.970841109752655,
      5.97100555896759,
      5.971253573894501,
      5.969752907752991
    ]
  },
  "title": "Loss Geometry on Training Steps",
  "paths": [
    "/share/thickstun/sychou/workspace/research/s-flm/outputs/hflm_sweep_tinystories_s256/std0.04_pc1.0"
  ],
  "loaded_steps": [
    5000,
    20000,
    30000
  ],
  "num_batches": 8,
  "batch_size": 16
}