{
  "t": [
    0.001,
    0.03221875,
    0.0634375,
    0.09465625,
    0.125875,
    0.15709375,
    0.1883125,
    0.21953125,
    0.25075,
    0.28196875,
    0.3131875,
    0.34440625,
    0.375625,
    0.40684375,
    0.4380625,
    0.46928125,
    0.5005,
    0.53171875,
    0.5629375,
    0.59415625,
    0.625375,
    0.65659375,
    0.6878125,
    0.71903125,
    0.75025,
    0.78146875,
    0.8126875,
    0.84390625,
    0.875125,
    0.90634375,
    0.9375625,
    0.96878125,
    1.0
  ],
  "curves": {
    "5K": [
      2.6396464614009252e-06,
      3.2169378612431163e-06,
      1.1611420713859517e-05,
      0.00018648351491147683,
      0.0003964783015740732,
      0.0005666208944399187,
      0.0007296737595435148,
      0.000996352629075507,
      0.0012301929097876393,
      0.0016544329138535462,
      0.0022525105107408226,
      0.003093759652248092,
      0.00435204923236638,
      0.006271244283095839,
      0.008769537081544319,
      0.012603469234838915,
      0.017911418184135736,
      0.023859861861453967,
      0.031158284022566977,
      0.04075455615359746,
      0.05267676610625192,
      0.06678605113136635,
      0.0835695146174913,
      0.10106114925963156,
      0.11816340483976213,
      0.13494837953803246,
      0.15196812018919525,
      0.17008027467834816,
      0.18976954261908371,
      0.21013285336869486,
      0.22504768478736448,
      0.2380675305141492,
      0.2582963182685081
    ],
    "10K": [
      3.0776540411301374e-07,
      3.8761846666234765e-07,
      4.3064756538840586e-07,
      5.14327510838198e-07,
      8.157206271850933e-07,
      3.6530511167941594e-06,
      4.484267092368427e-05,
      0.00022771496786732682,
      0.000620067400765099,
      0.0013188643040419347,
      0.0019474330490973015,
      0.0031386976724809682,
      0.004665866097843463,
      0.006902156580825535,
      0.009892165441107884,
      0.013961700450503425,
      0.01848537726013848,
      0.023640194803141477,
      0.02948252036330405,
      0.03630084368620026,
      0.04396382443020853,
      0.05307488394587227,
      0.06529032045535826,
      0.07907960522040892,
      0.09305286005641637,
      0.11117497454868273,
      0.12885015466240016,
      0.1432200985008411,
      0.15980275963129623,
      0.1753386500176419,
      0.1898421665255943,
      0.20182771227332982,
      0.2141226382737749
    ],
    "15K": [
      5.347255941405513e-09,
      2.0415843198279208e-08,
      3.492979165335026e-08,
      8.535493099331556e-08,
      2.239296981151915e-07,
      5.212153352014989e-07,
      1.4388820116519026e-06,
      4.177704989600121e-06,
      2.352451581296673e-05,
      0.00018647350196751472,
      0.0007974312088407806,
      0.0020693279959763705,
      0.003964910385711642,
      0.005989727553691757,
      0.008706056230356184,
      0.015531214519163197,
      0.02398418861158778,
      0.036131996452138666,
      0.04797163170375181,
      0.05853080414654164,
      0.06863152512003866,
      0.08161290843835038,
      0.09436084045453018,
      0.11035875055227387,
      0.1257715051093798,
      0.14900273955270146,
      0.16856848925686954,
      0.19514305136176976,
      0.21944598401530405,
      0.231196159727118,
      0.2479494113600656,
      0.25305300884032517,
      0.26546347007322846
    ],
    "20K": [
      1.1510727639466627e-10,
      1.8417144114387999e-09,
      1.799815667289223e-08,
      9.198554299783875e-08,
      2.1366550009432695e-07,
      9.273723584213799e-07,
      5.435091131193679e-06,
      6.046395643617993e-05,
      0.0002850080440561562,
      0.0014309915874200466,
      0.0038700403731965114,
      0.006886921728846062,
      0.014016643229327845,
      0.023747717396596844,
      0.03973517290661844,
      0.05681268351801326,
      0.07009758842125367,
      0.08312502469909325,
      0.10386435436398796,
      0.12281152773439215,
      0.1388919808891382,
      0.15635572323638403,
      0.17544946107971535,
      0.20515589365798437,
      0.24073283056194864,
      0.280429811959856,
      0.3019276602884357,
      0.3238437148962128,
      0.34520834483457413,
      0.3586986466739955,
      0.36332505472590415,
      0.36899998750579494,
      0.37476281905442144
    ]
  },
  "norms": {
    "5K": [
      1.0,
      1.0,
      1.0,
      1.0,
      1.0,
      1.0,
      1.0,
      1.0,
      1.0,
      1.0,
      1.0,
      1.0,
      1.0,
      1.0,
      1.0,
      1.0,
      1.0,
      1.0,
      1.0,
      1.0,
      1.0,
      1.0,
      1.0,
      1.0,
      1.0,
      1.0,
      1.0,
      1.0,
      1.0,
      1.0,
      1.0,
      1.0,
      1.0
    ],
    "10K": [
      1.0,
      1.0,
      1.0,
      1.0,
      1.0,
      1.0,
      1.0,
      1.0,
      1.0,
      1.0,
      1.0,
      1.0,
      1.0,
      1.0,
      1.0,
      1.0,
      1.0,
      1.0,
      1.0,
      1.0,
      1.0,
      1.0,
      1.0,
      1.0,
      1.0,
      1.0,
      1.0,
      1.0,
      1.0,
      1.0,
      1.0,
      1.0,
      1.0
    ],
    "15K": [
      1.0,
      1.0,
      1.0,
      1.0,
      1.0,
      1.0,
      1.0,
      1.0,
      1.0,
      1.0,
      1.0,
      1.0,
      1.0,
      1.0,
      1.0,
      1.0,
      1.0,
      1.0,
      1.0,
      1.0,
      1.0,
      1.0,
      1.0,
      1.0,
      1.0,
      1.0,
      1.0,
      1.0,
      1.0,
      1.0,
      1.0,
      1.0,
      1.0
    ],
    "20K": [
      1.0,
      1.0,
      1.0,
      1.0,
      1.0,
      1.0,
      1.0,
      1.0,
      1.0,
      1.0,
      1.0,
      1.0,
      1.0,
      1.0,
      1.0,
      1.0,
      1.0,
      1.0,
      1.0,
      1.0,
      1.0,
      1.0,
      1.0,
      1.0,
      1.0,
      1.0,
      1.0,
      1.0,
      1.0,
      1.0,
      1.0,
      1.0,
      1.0
    ]
  },
  "dists": {
    "5K": [
      1.437935550561112,
      1.4737016484978493,
      1.4833027057433397,
      1.4902808157245764,
      1.4950246275140997,
      1.498957858996445,
      1.50259182962139,
      1.5066264934754103,
      1.5098574563358607,
      1.5131445681111197,
      1.5155773162841797,
      1.5177973200765889,
      1.5200216314765844,
      1.5222310698434207,
      1.5245189238130377,
      1.5269480501667838,
      1.5293491449248924,
      1.5315419100643544,
      1.5337162017822266,
      1.536009499196256,
      1.538330206710301,
      1.5406016231922621,
      1.5429794654417575,
      1.5452195285411363,
      1.5472565554500965,
      1.549198965008339,
      1.5511681846018588,
      1.5533055294765514,
      1.555824644110176,
      1.5586916462758953,
      1.5611327310626426,
      1.5637296398034257,
      1.5688881391889593
    ],
    "10K": [
      1.4384699725033192,
      1.4752423790063751,
      1.4851654138457908,
      1.4911429158757241,
      1.496279019987985,
      1.500710605235582,
      1.5044118259729964,
      1.5077966625770827,
      1.5114888823434207,
      1.515513216511587,
      1.5182738786333063,
      1.5209062554863062,
      1.523209968309724,
      1.5254666617747104,
      1.5278517905246005,
      1.5304024942805259,
      1.53252466608969,
      1.534505222620589,
      1.536412592684285,
      1.5382988747586026,
      1.5400126382206263,
      1.5418218762687084,
      1.5439826236681993,
      1.5460477250345637,
      1.5480863592597875,
      1.5504895756753643,
      1.5527848875924442,
      1.5547701374868328,
      1.5570855730035331,
      1.5594163316019465,
      1.562080040406645,
      1.5647261758868614,
      1.5689771630790796
    ],