{
  "t": [
    0.001,
    0.03221875,
    0.0634375,
    0.09465625,
    0.125875,
    0.15709375,
    0.1883125,
    0.21953125,
    0.25075,
    0.28196875,
    0.3131875,
    0.34440625,
    0.375625,
    0.40684375,
    0.4380625,
    0.46928125,
    0.5005,
    0.53171875,
    0.5629375,
    0.59415625,
    0.625375,
    0.65659375,
    0.6878125,
    0.71903125,
    0.75025,
    0.78146875,
    0.8126875,
    0.84390625,
    0.875125,
    0.90634375,
    0.9375625,
    0.96878125,
    1.0
  ],
  "curves": {
    "5K": [
      2.641142876537548e-06,
      3.0891341942079952e-06,
      4.300947387420227e-06,
      8.494283770488344e-06,
      5.335028290982735e-05,
      0.00024031202791662877,
      0.00039048919340908226,
      0.0007643945170324452,
      0.001388837632741465,
      0.0027711875056534003,
      0.00412699713612373,
      0.005848022907700264,
      0.008157795541030303,
      0.010856631682829911,
      0.013975169384077694,
      0.018741020828150632,
      0.024587999066610015,
      0.03139955843432566,
      0.039399805363644375,
      0.05004705170567116,
      0.062387794591067885,
      0.07590770051720437,
      0.09161971995000089,
      0.10857845625180877,
      0.12411177024412691,
      0.1400224305270763,
      0.15573790635955467,
      0.17299415824118625,
      0.19201871652281685,
      0.21246102150906337,
      0.22739756241273346,
      0.24044736047809043,
      0.25992128822240934
    ],
    "10K": [
      3.0825722614679947e-07,
      7.281791971600091e-07,
      2.0667354552704105e-05,
      0.00014944462446089417,
      0.00035909733840403684,
      0.0005309131210902052,
      0.0007748143444495214,
      0.0012520559599742934,
      0.0018531028606324409,
      0.0024203838317967646,
      0.002794281180766202,
      0.0032692395554190985,
      0.0040066393845704165,
      0.005070690515587169,
      0.0070376541214377695,
      0.010331508776779925,
      0.014220620013689726,
      0.019463787671555294,
      0.02574786376417353,
      0.033597466650973545,
      0.04193332138356198,
      0.052097320556640625,
      0.06573372275641795,
      0.07993933391035273,
      0.0953155072887292,
      0.1131909636968977,
      0.13067688566915106,
      0.1457118693362461,
      0.16143345832824707,
      0.177004989613308,
      0.1913670167494356,
      0.20301753751347573,
      0.2144530060585965
    ],
    "15K": [
      5.420506031543809e-09,
      2.1504122747153794e-08,
      4.788394152599088e-08,
      2.5466537283463867e-07,
      1.3712675013266562e-06,
      5.633434541783224e-06,
      2.3745393836373734e-05,
      9.241878216614444e-05,
      0.00035208761464213586,
      0.0008928338827675188,
      0.0016496955035149715,
      0.0029570348925425493,
      0.004829908172100301,
      0.006704603130876851,
      0.009329043454333637,
      0.016115769660204983,
      0.02436466330892584,
      0.037104467829961456,
      0.050298357947488846,
      0.06149351228488965,
      0.0726242343361458,
      0.08647357479909833,
      0.09966442893060405,
      0.11556656440992034,
      0.13086287894945467,
      0.15194608522265146,
      0.17077472236719024,
      0.19648262222161453,
      0.2193128727795033,
      0.23043243536788427,
      0.246969772188851,
      0.2528246868862195,
      0.2650273757034473
    ],
    "20K": [
      1.3603587045843258e-10,
      3.693885911256333e-09,
      1.5779957317858354e-07,
      1.4619156195917359e-06,
      1.6817679129340585e-05,
      0.00019969570717289238,
      0.0005040720468603753,
      0.0011382314928570767,
      0.0021614053192719478,
      0.004192104041864154,
      0.007215754399756283,
      0.010408809717242302,
      0.016617314576098087,
      0.02417104389895214,
      0.03673797845840454,
      0.052236320597402165,
      0.06540263368842307,
      0.07897731996654125,
      0.10067567999443311,
      0.1209312215279997,
      0.13909751645634683,
      0.1572393969203649,
      0.17611006270633656,
      0.20719321792045337,
      0.24230514617448443,
      0.2807576870650388,
      0.30223471662971413,
      0.32413838954454055,
      0.3452913573618685,
      0.35908446686991147,
      0.3636903977126218,
      0.36965186140510475,
      0.37519935543617505
    ]
  },
  "norms": {
    "5K": [
      1.0,
      1.0,
      1.0,
      1.0,
      1.0,
      1.0,
      1.0,
      1.0,
      1.0,
      1.0,
      1.0,
      1.0,
      1.0,
      1.0,
      1.0,
      1.0,
      1.0,
      1.0,
      1.0,
      1.0,
      1.0,
      1.0,
      1.0,
      1.0,
      1.0,
      1.0,
      1.0,
      1.0,
      1.0,
      1.0,
      1.0,
      1.0,
      1.0
    ],
    "10K": [
      1.0,
      1.0,
      1.0,
      1.0,
      1.0,
      1.0,
      1.0,
      1.0,
      1.0,
      1.0,
      1.0,
      1.0,
      1.0,
      1.0,
      1.0,
      1.0,
      1.0,
      1.0,
      1.0,
      1.0,
      1.0,
      1.0,
      1.0,
      1.0,
      1.0,
      1.0,
      1.0,
      1.0,
      1.0,
      1.0,
      1.0,
      1.0,
      1.0
    ],
    "15K": [
      1.0,
      1.0,
      1.0,
      1.0,
      1.0,
      1.0,
      1.0,
      1.0,
      1.0,
      1.0,
      1.0,
      1.0,
      1.0,
      1.0,
      1.0,
      1.0,
      1.0,
      1.0,
      1.0,
      1.0,
      1.0,
      1.0,
      1.0,
      1.0,
      1.0,
      1.0,
      1.0,
      1.0,
      1.0,
      1.0,
      1.0,
      1.0,
      1.0
    ],
    "20K": [
      1.0,
      1.0,
      1.0,
      1.0,
      1.0,
      1.0,
      1.0,
      1.0,
      1.0,
      1.0,
      1.0,
      1.0,
      1.0,
      1.0,
      1.0,
      1.0,
      1.0,
      1.0,
      1.0,
      1.0,
      1.0,
      1.0,
      1.0,
      1.0,
      1.0,
      1.0,
      1.0,
      1.0,
      1.0,
      1.0,
      1.0,
      1.0,
      1.0
    ]
  },
  "title": "Loss Geometry on Training Steps",
  "paths": [
    "/share/thickstun/sychou/workspace/research/s-flm/outputs/hflm_curv_init_lr_sudoku/bl_d-hard_a-sfm_trunc_ada_rs1"
  ],
  "loaded_steps": [
    5000,
    10000,
    15000,
    20000
  ],
  "num_batches": 8,
  "batch_size": 16
}