{
  "t": [
    0.001,
    0.03221875,
    0.0634375,
    0.09465625,
    0.125875,
    0.15709375,
    0.1883125,
    0.21953125,
    0.25075,
    0.28196875,
    0.3131875,
    0.34440625,
    0.375625,
    0.40684375,
    0.4380625,
    0.46928125,
    0.5005,
    0.53171875,
    0.5629375,
    0.59415625,
    0.625375,
    0.65659375,
    0.6878125,
    0.71903125,
    0.75025,
    0.78146875,
    0.8126875,
    0.84390625,
    0.875125,
    0.90634375,
    0.9375625,
    0.96878125,
    1.0
  ],
  "curves": {
    "5K": [
      2.6381396024037947e-06,
      3.004775719724993e-06,
      3.239884923520927e-06,
      3.7098039949464538e-06,
      4.919802490752609e-06,
      1.2155067022913398e-05,
      7.272212392666242e-05,
      0.0003731600189577589,
      0.0007998125471980468,
      0.00178875703445709,
      0.0031415894863017825,
      0.004758577490371935,
      0.006852232317408819,
      0.009579991838068104,
      0.013328742947471276,
      0.017907498885741394,
      0.02433770296446393,
      0.031048637511355153,
      0.03973181261105484,
      0.05093268413891953,
      0.0642044564311424,
      0.07908496829900849,
      0.09634204393022516,
      0.11376499326041575,
      0.1303697857963905,
      0.14640362343091642,
      0.16262402293387423,
      0.17982328072022857,
      0.19792108857229854,
      0.2167079100448094,
      0.2304523955570178,
      0.24222622024879026,
      0.2615259336621574
    ],
    "10K": [
      3.092931917073268e-07,
      3.8755568087080054e-07,
      4.2098907399347074e-07,
      4.5855585995013826e-07,
      5.143617599560968e-07,
      6.255828911174361e-07,
      8.667078147707062e-07,
      2.1168336306902675e-06,
      1.640840048239216e-05,
      0.0001769424374431131,
      0.0005905064688786195,
      0.0013250358012933912,
      0.002468900391413422,
      0.004412044075139788,
      0.00737398611695579,
      0.01181023632793614,
      0.016992372659484993,
      0.022963529138752582,
      0.029595669735683484,
      0.03783797079257751,
      0.045904504449180004,
      0.05586174431811558,
      0.06903743944811018,
      0.08337516396233205,
      0.09874520542916287,
      0.11734288863921433,
      0.13529453719599863,
      0.1503454942381784,
      0.16667166720615345,
      0.1809738606549381,
      0.19490517525190718,
      0.20503405372748215,
      0.2159261355239354
    ],
    "15K": [
      5.567006052147876e-09,
      1.940080687362435e-08,
      2.994881043286001e-08,
      5.083534827544906e-08,
      9.691919859924996e-08,
      2.7691269390365295e-07,
      1.3251973160968805e-06,
      8.959405358275055e-06,
      7.485623695011077e-05,
      0.0006690719492632596,
      0.0016131705446384606,
      0.0027615763341845797,
      0.004570999282171552,
      0.0069018557427053375,
      0.009970923236916574,
      0.01800527318977238,
      0.02636941915817475,
      0.03811175250605251,
      0.04964776286918126,
      0.05950978532266081,
      0.06940456923474086,
      0.08206392138191823,
      0.09418833992454444,
      0.10982838842306245,
      0.1251780317070779,
      0.14735998598377356,
      0.16741939475027362,
      0.19513482592079076,
      0.2177456979001506,
      0.22946041889404983,
      0.24575225690777383,
      0.25092760096775013,
      0.2635936522751712
    ],
    "20K": [
      1.1510727764210787e-10,
      8.5807240464092e-10,
      4.374073956969011e-09,
      1.4451037719773217e-08,
      1.3270588339580857e-07,
      5.0707822185685974e-06,
      0.00013220284344999037,
      0.0008183024556095343,
      0.0014941800725537587,
      0.003232619773074618,
      0.004974114768772146,
      0.006991615607874112,
      0.011268119924189,
      0.017423072725199582,
      0.027767503194594652,
      0.040206852086474384,
      0.05111439643281229,
      0.06186942705947362,
      0.08008784591481927,
      0.09803274575244175,
      0.11484944753432541,
      0.1321942578540759,
      0.15395581320430454,
      0.1870625059256393,
      0.2265264800425326,
      0.26865527335177647,
      0.2928653540236227,
      0.3144822549284174,
      0.3392096423031239,
      0.35328867998016017,
      0.35966587870308525,
      0.3657288926371028,
      0.37259528342257725
    ]
  },
  "norms": {
    "5K": [
      1.0,
      1.0,
      1.0,
      1.0,
      1.0,
      1.0,
      1.0,
      1.0,
      1.0,
      1.0,
      1.0,
      1.0,
      1.0,
      1.0,
      1.0,
      1.0,
      1.0,
      1.0,
      1.0,
      1.0,
      1.0,
      1.0,
      1.0,
      1.0,
      1.0,
      1.0,
      1.0,
      1.0,
      1.0,
      1.0,
      1.0,
      1.0,
      1.0
    ],
    "10K": [
      1.0,
      1.0,
      1.0,
      1.0,
      1.0,
      1.0,
      1.0,
      1.0,
      1.0,
      1.0,
      1.0,
      1.0,
      1.0,
      1.0,
      1.0,
      1.0,
      1.0,
      1.0,
      1.0,
      1.0,
      1.0,
      1.0,
      1.0,
      1.0,
      1.0,
      1.0,
      1.0,
      1.0,
      1.0,
      1.0,
      1.0,
      1.0,
      1.0
    ],
    "15K": [
      1.0,
      1.0,
      1.0,
      1.0,
      1.0,
      1.0,
      1.0,
      1.0,
      1.0,
      1.0,
      1.0,
      1.0,
      1.0,
      1.0,
      1.0,
      1.0,
      1.0,
      1.0,
      1.0,
      1.0,
      1.0,
      1.0,
      1.0,
      1.0,
      1.0,
      1.0,
      1.0,
      1.0,
      1.0,
      1.0,
      1.0,
      1.0,
      1.0
    ],
    "20K": [
      1.0,
      1.0,
      1.0,
      1.0,
      1.0,
      1.0,
      1.0,
      1.0,
      1.0,
      1.0,
      1.0,
      1.0,
      1.0,
      1.0,
      1.0,
      1.0,
      1.0,
      1.0,
      1.0,
      1.0,
      1.0,
      1.0,
      1.0,
      1.0,
      1.0,
      1.0,
      1.0,
      1.0,
      1.0,
      1.0,
      1.0,
      1.0,
      1.0
    ]
  },
  "title": "Loss Geometry on Training Steps",
  "paths": [
    "/share/thickstun/sychou/workspace/research/s-flm/outputs/hflm_curv_init_lr_sudoku/bl_d-hard_a-sfm_trunc_ada_rs1"
  ],
  "loaded_steps": [
    5000,
    10000,
    15000,
    20000
  ],
  "num_batches": 8,
  "batch_size": 16
}