{
  "t": [
    0.001,
    0.03221875,
    0.0634375,
    0.09465625,
    0.125875,
    0.15709375,
    0.1883125,
    0.21953125,
    0.25075,
    0.28196875,
    0.3131875,
    0.34440625,
    0.375625,
    0.40684375,
    0.4380625,
    0.46928125,
    0.5005,
    0.53171875,
    0.5629375,
    0.59415625,
    0.625375,
    0.65659375,
    0.6878125,
    0.71903125,
    0.75025,
    0.78146875,
    0.8126875,
    0.84390625,
    0.875125,
    0.90634375,
    0.9375625,
    0.96878125,
    1.0
  ],
  "curves": {
    "5K": [
      0.0,
      0.0,
      0.0,
      0.0,
      0.0,
      0.0,
      0.0,
      0.0,
      0.0,
      0.0,
      0.0,
      2.5829560408932584e-10,
      2.8349134301142685e-07,
      3.8820080416890335e-05,
      0.0006020962598540791,
      0.0021720371005358174,
      0.006217346177436411,
      0.0163680698024109,
      0.037924751872196794,
      0.07709153555333614,
      0.13978811167180538,
      0.23189122043550014,
      0.35861701145768166,
      0.5300005748867989,
      0.7689742892980576,
      1.1326924264431,
      1.7375992089509964,
      2.74406099319458,
      4.077954024076462,
      5.223299622535706,
      5.741136908531189,
      5.9069899916648865,
      5.936812341213226
    ],
    "20K": [
      0.5172484032809734,
      0.712544746696949,
      0.8041044175624847,
      0.8899261057376862,
      0.9788247421383858,
      1.0739144906401634,
      1.1757998913526535,
      1.2886040061712265,
      1.4126568883657455,
      1.5503472238779068,
      1.7032600194215775,
      1.8682937771081924,
      2.047360196709633,
      2.2438742220401764,
      2.4524959325790405,
      2.673735797405243,
      2.9104810059070587,
      3.164997637271881,
      3.4244602620601654,
      3.6848157346248627,
      3.954419583082199,
      4.221725225448608,
      4.478226184844971,
      4.721267580986023,
      4.960048675537109,
      5.1742748618125916,
      5.350693762302399,
      5.500640094280243,
      5.627132475376129,
      5.731983780860901,
      5.817127883434296,
      5.885079324245453,
      5.930844962596893
    ],
    "30K": [
      0.5674733370542526,
      0.731850728392601,
      0.8181129917502403,
      0.9012133628129959,
      0.9882046207785606,
      1.0821710526943207,
      1.1847678273916245,
      1.2981041073799133,
      1.4244144558906555,
      1.5621557831764221,
      1.7148752957582474,
      1.8815542310476303,
      2.0634888112545013,
      2.258372038602829,
      2.4697293639183044,
      2.6914055943489075,
      2.9280454516410828,
      3.1839481592178345,
      3.449980288743973,
      3.716518819332123,
      3.99172043800354,
      4.254663050174713,
      4.505722463130951,
      4.737052083015442,
      4.968652009963989,
      5.177448391914368,
      5.353792667388916,
      5.504394352436066,
      5.629773557186127,
      5.732216477394104,
      5.816033959388733,
      5.883870244026184,
      5.930450737476349
    ]
  },
  "norms": {
    "5K": [
      82.13574695587158,
      71.25733089447021,
      64.37466478347778,
      58.73300838470459,
      53.96774864196777,
      49.90454721450806,
      46.427279472351074,
      43.447601318359375,
      40.894371509552,
      38.70867872238159,
      36.84095287322998,
      35.24897527694702,
      33.8964467048645,
      32.75189685821533,
      31.787837505340576,
      30.98013973236084,
      30.307522296905518,
      29.75119686126709,
      29.29456067085266,
      28.922971725463867,
      28.623548984527588,
      28.38499426841736,
      28.19744634628296,
      28.052324533462524,
      27.942192554473877,
      27.860624074935913,
      27.80208444595337,
      27.761815547943115,
      27.735716342926025,
      27.720262050628662,
      27.712398767471313,
      27.709452629089355,
      27.709006309509277
    ],
    "20K": [
      28.399895191192627,
      27.99971890449524,
      27.93007516860962,
      27.8907687664032,
      27.86372995376587,
      27.843324899673462,
      27.827069759368896,
      27.813648462295532,
      27.80228352546692,
      27.79247546195984,
      27.78389072418213,
      27.77628445625305,
      27.76948857307434,
      27.763365983963013,
      27.757816553115845,
      27.752760887145996,
      27.748135566711426,
      27.743889331817627,
      27.73997712135315,
      27.736366748809814,
      27.73302721977234,
      27.72993516921997,
      27.727071046829224,
      27.72441864013672,
      27.721961498260498,
      27.719691514968872,
      27.717599391937256,
      27.71567988395691,
      27.71393132209778,
      27.712357997894287,
      27.710970640182495,
      27.709803581237793,
      27.7090060710907
    ],
    "30K": [
      28.338457584381104,
      27.977279901504517,
      27.91387152671814,
      27.877957344055176,
      27.853182554244995,
      27.834444999694824,
      27.81948733329773,
      27.8071129322052,
      27.79661536216736,
      27.787541389465332,
      27.77958345413208,
      27.772522449493408,
      27.766200065612793,
      27.760498523712158,
      27.755319595336914,
      27.750595569610596,
      27.746264219284058,
      27.74228000640869,
      27.738604068756104,
      27.7352032661438,
      27.732054471969604,
      27.729130506515503,
      27.726418018341064,
      27.723897695541382,
      27.721559047698975,
      27.71938991546631,
      27.717384099960327,
      27.715537786483765,
      27.713850021362305,
      27.712322235107422,
      27.710965394973755,
      27.709812879562378,
      27.70900583267212
    ]
  },
  "title": "Loss Geometry on Training Steps",
  "paths": [
    "/share/thickstun/sychou/workspace/research/s-flm/outputs/adv_geo_tinystories_s256/lf_ada_lr1e-3"
  ],
  "loaded_steps": [
    5000,
    20000,
    30000
  ],
  "num_batches": 8,
  "batch_size": 16
}