{
  "t": [
    0.001,
    0.03221875,
    0.0634375,
    0.09465625,
    0.125875,
    0.15709375,
    0.1883125,
    0.21953125,
    0.25075,
    0.28196875,
    0.3131875,
    0.34440625,
    0.375625,
    0.40684375,
    0.4380625,
    0.46928125,
    0.5005,
    0.53171875,
    0.5629375,
    0.59415625,
    0.625375,
    0.65659375,
    0.6878125,
    0.71903125,
    0.75025,
    0.78146875,
    0.8126875,
    0.84390625,
    0.875125,
    0.90634375,
    0.9375625,
    0.96878125,
    1.0
  ],
  "curves": {
    "5K": [
      1.3881088286805689e-06,
      1.4229235500934418e-06,
      1.4597474168358225e-06,
      1.5058005905547965e-06,
      1.5451462715053198e-06,
      1.6059228768467567e-06,
      1.6683002950537301e-06,
      1.742920819983891e-06,
      1.8550067222114716e-06,
      2.6286551872728747e-06,
      9.110475341943772e-06,
      8.7590483550291e-05,
      0.0005165171535869438,
      0.0010974007881476395,
      0.0016606981244376073,
      0.002445452169677389,
      0.0031101409226261586,
      0.0037519995235884432,
      0.004452547436976397,
      0.005263532892855805,
      0.0064478920212831725,
      0.009238435175227985,
      0.014827525515234872,
      0.024791008635853113,
      0.040740173854184956,
      0.06296239006385375,
      0.0924361441912276,
      0.1289816518847862,
      0.1706622370173422,
      0.21201857824004097,
      0.2482836487587918,
      0.2751373414243205,
      0.29165344827630546
    ],
    "10K": [
      1.0146181870204805e-07,
      1.0838918436941261e-07,
      1.1733615966487592e-07,
      1.269423857715839e-07,
      1.362346829205563e-07,
      1.469605889765211e-07,
      1.5605406445226098e-07,
      1.6545099564548386e-07,
      1.748583911372979e-07,
      1.8574125911737008e-07,
      2.0297592057564606e-07,
      2.4813594239511466e-07,
      5.455689042106172e-07,
      2.3042582904125675e-06,
      1.4851259053879341e-05,
      0.00010537271717704867,
      0.00043294898989515375,
      0.0011110622307252639,
      0.001933788969861862,
      0.0028374151854754265,
      0.0036132229332487735,
      0.004765704063256533,
      0.006874837475734648,
      0.010764873335451891,
      0.017431695642096273,
      0.029953335108381978,
      0.05050184284703115,
      0.07969722185242042,
      0.11542558134271858,
      0.1531883679079206,
      0.18761591027291974,
      0.21341156691647648,
      0.22778334242574286
    ],
    "15K": [
      9.187651209118853e-09,
      9.438794534979822e-09,
      9.543437840236722e-09,
      1.050615307111697e-08,
      1.1238654052336192e-08,
      1.1552583169744271e-08,
      1.290247680980827e-08,
      1.3676835065228496e-08,
      1.4702336486837166e-08,
      1.6303373851943442e-08,
      1.8166018841501876e-08,
      2.067745066305884e-08,
      2.509338195410605e-08,
      3.747261461428301e-08,
      7.232775680748683e-08,
      2.7857149727546884e-07,
      2.0656021620248958e-06,
      1.4343361091929449e-05,
      6.665690291433083e-05,
      0.0003364539134360783,
      0.0010807661958015262,
      0.0024952992410699868,
      0.005103051521177037,
      0.009825344752059893,
      0.018045445841349914,
      0.03100465824095051,
      0.05135296167952291,
      0.07962697476483463,
      0.11284627673331271,
      0.14791080657016026,
      0.1815714728966188,
      0.20655768640925376,
      0.22006578391857362
    ],
    "20K": [
      3.9764330841806696e-10,
      4.3950049966420353e-10,
      4.813576927815026e-10,
      5.860006737035877e-10,
      6.278578555939123e-10,
      7.115722393336271e-10,
      7.952866230733419e-10,
      8.685367032321051e-10,
      1.0255011621408169e-09,
      1.2557157111878245e-09,
      1.4545373445022113e-09,
      1.7789305609108197e-09,
      2.542824278231073e-09,
      4.227575712721783e-09,
      8.486538213743045e-09,
      2.078203528866284e-08,
      7.212930844861752e-08,
      3.536835590642859e-07,
      3.0457982329914627e-06,
      2.234210511192083e-05,
      0.00017873608545271687,
      0.0009289432112310668,
      0.003123832406120354,
      0.007925836364163106,
      0.0164126240428579,
      0.029992659607630097,
      0.05149992061464974,
      0.08175296897298834,
      0.11828503046142921,
      0.15693667497527733,
      0.1930985785602184,
      0.2188451142793291,
      0.23290689339798487
    ]
  },
  "norms": {
    "5K": [
      1.0,
      1.0,
      1.0,
      1.0,
      1.0,
      1.0,
      1.0,
      1.0,
      1.0,
      1.0,
      1.0,
      1.0,
      1.0,
      1.0,
      1.0,
      1.0,
      1.0,
      1.0,
      1.0,
      1.0,
      1.0,
      1.0,
      1.0,
      1.0,
      1.0,
      1.0,
      1.0,
      1.0,
      1.0,
      1.0,
      1.0,
      1.0,
      1.0
    ],
    "10K": [
      1.0,
      1.0,
      1.0,
      1.0,
      1.0,
      1.0,
      1.0,
      1.0,
      1.0,
      1.0,
      1.0,
      1.0,
      1.0,
      1.0,
      1.0,
      1.0,
      1.0,
      1.0,
      1.0,
      1.0,
      1.0,
      1.0,
      1.0,
      1.0,
      1.0,
      1.0,
      1.0,
      1.0,
      1.0,
      1.0,
      1.0,
      1.0,
      1.0
    ],
    "15K": [
      1.0,
      1.0,
      1.0,
      1.0,
      1.0,
      1.0,
      1.0,
      1.0,
      1.0,
      1.0,
      1.0,
      1.0,
      1.0,
      1.0,
      1.0,
      1.0,
      1.0,
      1.0,
      1.0,
      1.0,
      1.0,
      1.0,
      1.0,
      1.0,
      1.0,
      1.0,
      1.0,
      1.0,
      1.0,
      1.0,
      1.0,
      1.0,
      1.0
    ],
    "20K": [
      1.0,
      1.0,
      1.0,
      1.0,
      1.0,
      1.0,
      1.0,
      1.0,
      1.0,
      1.0,
      1.0,
      1.0,
      1.0,
      1.0,
      1.0,
      1.0,
      1.0,
      1.0,
      1.0,
      1.0,
      1.0,
      1.0,
      1.0,
      1.0,
      1.0,
      1.0,
      1.0,
      1.0,
      1.0,
      1.0,
      1.0,
      1.0,
      1.0
    ]
  },
  "dists": {
    "5K": [
      1.4244282111692965,
      1.4289384584748344,
      1.4334485986259546,
      1.4379587494925168,
      1.4424689860826128,
      1.4469791155182914,
      1.4514892449539698,
      1.455999438682299,
      1.4605096109797446,
      1.4650198047080736,
      1.4695299341437522,
      1.4740400635794308,
      1.4785502787386433,
      1.483060408174322,
      1.487570601902651,
      1.4920807742000965,
      1.4965909679284257,
      1.5011011187949876,
      1.5056112482306663,
      1.5101213348045777,
      1.5146316142564409,
      1.5191417865538865,
      1.5236518945586814,
      1.5281621311487776,
      1.5326723034462233,
      1.5371824757436687,
      1.5416925408866968,
      1.5462027560459095,
      1.5507129497742385,
      1.5552231006408006,
      1.5597332515073625,
      1.5642433809430412,
      1.5687536389640209
    ],
    "10K": [
      1.4242485453573506,
      1.42875819259815,
      1.433267775546299,
      1.4377773584944478,
      1.4422869950198056,
      1.4467966529760468,
      1.4513061394852198,
      1.4558157545796941,
      1.4603253911050518,
      1.4648349633377589,
      1.4693445570013497,
      1.4738540863722898,
      1.4783638086211814,
      1.4828733594230052,
      1.4873829102248288,
      1.491892482457536,
      1.4964021189828938,
      1.5009117555082514,
      1.5054213277409585,
      1.5099308999736658,
      1.5144405793607905,
      1.5189501944552646,
      1.5234597023953214,
      1.5279694032133295,
      1.5324789968769201,
      1.5369884833860934,
      1.541498077049684,
      1.5460076707132746,
      1.5505173072386325,
      1.555026858040456,
      1.5595364517040466,
      1.564046023936754,
      1.5685557247547621
    ],