{
  "t": [
    0.001,
    0.03221875,
    0.0634375,
    0.09465625,
    0.125875,
    0.15709375,
    0.1883125,
    0.21953125,
    0.25075,
    0.28196875,
    0.3131875,
    0.34440625,
    0.375625,
    0.40684375,
    0.4380625,
    0.46928125,
    0.5005,
    0.53171875,
    0.5629375,
    0.59415625,
    0.625375,
    0.65659375,
    0.6878125,
    0.71903125,
    0.75025,
    0.78146875,
    0.8126875,
    0.84390625,
    0.875125,
    0.90634375,
    0.9375625,
    0.96878125,
    1.0
  ],
  "curves": {
    "5K": [
      6.739389503850822e-06,
      4.768909307999871e-06,
      3.344989237846451e-06,
      3.7196545787757326e-06,
      2.2736911284554165e-05,
      2.746357666877925e-05,
      5.047586811098186e-05,
      5.913326564817846e-05,
      5.804604104801155e-05,
      5.137844276392121e-05,
      9.021904954576885e-05,
      0.0002881405294481717,
      0.0005246888081938175,
      0.0006385723758734805,
      0.0007432961033322336,
      0.0010354703532929502,
      0.0020448760642261987,
      0.005003830836562628,
      0.010606843810737803,
      0.028205640028032025,
      0.05613091353620036,
      0.05887845158576965,
      0.05022841859399603,
      0.08885306119918823,
      0.18428277701474308,
      0.2710428237915039,
      0.32392528619659083,
      0.3485479917419091,
      0.361906458822529,
      0.3679833144284366,
      0.3708754737725419,
      0.3717326394627603,
      0.3719926576935843
    ],
    "10K": [
      9.53776721422053e-07,
      6.52081228743943e-07,
      1.6657056063052276e-07,
      8.79628747967994e-08,
      9.091379678047202e-08,
      8.851747304178071e-08,
      8.371436190449703e-08,
      7.630564744359935e-08,
      6.3717098793164e-08,
      6.099638052076576e-08,
      6.03475767634796e-08,
      5.8505864043571604e-08,
      5.955228432233863e-08,
      7.626333422450351e-08,
      1.0923319417527769e-07,
      3.3828817021039253e-07,
      1.3126280954862379e-06,
      1.7089641276245683e-06,
      2.638011339125145e-05,
      5.9397627103791225e-05,
      0.00013642105310036947,
      0.00021215167791442685,
      0.00035417312412820966,
      0.0005388386849068063,
      0.001368772866350881,
      0.004699626184079085,
      0.017648412772778715,
      0.07696274693092603,
      0.18621234545546972,
      0.24030120185251985,
      0.2622541363319654,
      0.2671121157956927,
      0.26849657765934976
    ],
    "15K": [
      1.716458144257783e-07,
      8.901975234856651e-08,
      2.0530948566711946e-08,
      3.976432945714652e-09,
      3.819468466846875e-09,
      3.453217876441935e-09,
      3.3067174167384244e-09,
      2.344002305612571e-09,
      2.3753952213451922e-09,
      2.260288066576082e-09,
      2.469573419668751e-09,
      3.00325071178983e-09,
      4.279887954650798e-09,
      2.3920476625688976e-08,
      3.424757743814323e-08,
      5.773873285803025e-07,
      9.512577191109425e-06,
      5.384694086234468e-06,
      7.074058306683623e-06,
      4.340114394879268e-05,
      4.912887350635654e-05,
      5.870726552407331e-05,
      0.00015942780036506049,
      0.000454425781764472,
      0.0011689433261616092,
      0.0032555979540508785,
      0.006876950895183542,
      0.03726346841019191,
      0.14001885424838978,
      0.20974746714817005,
      0.23646667030420196,
      0.24749650580159735,
      0.2503511905670166
    ],
    "20K": [
      3.724240100331208e-08,
      1.6533589219312142e-08,
      7.743579520424288e-09,
      9.941072634242144e-10,
      1.0254993720621198e-09,
      7.534281513284022e-10,
      4.29035833701467e-10,
      3.662502960087218e-10,
      2.6160743047498475e-10,
      3.5578611280588474e-10,
      1.2871067083552638e-09,
      7.71698692039216e-08,
      9.604979354006892e-08,
      1.8407263070714336e-07,
      2.799274622861551e-07,
      4.357708921869175e-06,
      2.6935129368658198e-06,
      5.330341121259224e-06,
      1.5754657657883367e-05,
      6.6977470091548605e-06,
      2.092823783999173e-05,
      9.339099533769585e-05,
      0.0002555131709976174,
      0.00031796997750512836,
      0.0005286418508445279,
      0.0019630001952055465,
      0.005764813089136327,
      0.04865958181659827,
      0.15758688262339388,
      0.22444815180274877,
      0.2437641727790404,
      0.2486616386456436,
      0.2506993968835038
    ]
  },
  "norms": {
    "5K": [
      0.8212682959738742,
      0.8118789544266262,
      0.8211043389995446,
      0.8364091615998344,
      0.8533162963524293,
      0.8690430823336827,
      0.8808526885643434,
      0.8872170073262761,
      0.8883277378725202,
      0.8847380005911495,
      0.8760526635673609,
      0.8627686875589778,
      0.8474917679690244,
      0.8341703736380245,
      0.8297135213787636,
      0.8434133529663086,
      0.8821841250644641,
      0.9404316377103998,
      1.0015838280152738,
      1.054140658860796,
      1.0949233623033159,
      1.1248839731966511,
      1.1462310190950886,
      1.161184257335877,
      1.1715653558795371,
      1.1787438231907534,
      1.1837037975868483,
      1.1871353963787636,
      1.1895161746593004,
      1.19117412138521,
      1.1923339500855863,
      1.1931493952033225,
      1.1937259181161946
    ],
    "10K": [
      0.8266060325536835,
      0.8169399111458425,
      0.8284054231107905,
      0.849436909964915,
      0.8745760756931947,
      0.8999273535910617,
      0.9227015034536298,
      0.9419491692875208,
      0.958408645029818,
      0.9728537141607049,
      0.983602609527245,
      0.9869274825192569,
      0.9797135256649403,
      0.9613551986351442,
      0.9345069735237722,
      0.902425187357356,
      0.8700645211037625,
      0.8544259339236142,
      0.8783376243677032,
      0.9401087385884831,
      1.0098133515775873,
      1.0678869097420338,
      1.1103446510400665,
      1.1394683002086168,
      1.1588016574302415,
      1.1714277588919308,
      1.1796163816130563,
      1.1849204395594222,
      1.1883645218409848,
      1.1906122464812203,
      1.1920895094282171,
      1.1930687507886566,
      1.193724257222722
    ],
    "15K": [
      0.8146381485328246,
      0.8038731049955561,
      0.8151591761728351,
      0.8374300110206175,
      0.8645263521858816,
      0.8923963375305861,
      0.9193738980239696,
      0.9457531511113885,
      0.9718342684627919,
      0.9958374473486054,
      1.0144629746340634,
      1.0244957891742834,
      1.0233454222089788,
      1.0093374359473755,
      0.9827833389968015,
      0.9470761116970791,
      0.9059232111727253,
      0.8669312294949306,
      0.8568107090639264,
      0.9000072050630377,
      0.973098111956307,
      1.0416845043053788,
      1.0936835964074296,
      1.129541643549887,
      1.153134860349505,
      1.1682984105656655,
      1.177941065156058,
      1.1840540639470132,
      1.1879362256339427,
      1.190414310841078,
      1.1920082649488128,
      1.19304359093141,
      1.1937237964587266
    ],
    "20K": [
      0.8040553960907325,
      0.7924392893073264,
      0.8037873493151718,
      0.8271775835015801,
      0.856057949280471,
      0.8867680624629675,
      0.9183358931809329,
      0.9505390638715765,
      0.9817458806412943,
      1.0091102471512354,
      1.0298833632737063,
      1.0417340203617396,
      1.042501310284218,
      1.0301769449469749,
      1.0036975131945665,
      0.9649355170432101,
      0.9192374261577477,
      0.8738853476020727,
      0.8519677044300551,
      0.8856870886984836,
      0.9585433702790336,
      1.030961122405663,
      1.0868078831876262,
      1.1254520309105347,
      1.1508163602164623,
      1.1670310202609286,
      1.177271050013853,
      1.1837127342652738,
      1.1877704577499562,
      1.1903392598870095,
      1.1919782295655668,
      1.1930345363831252,
      1.1937236250116583
    ]
  },
  "title": "Loss Geometry on Training Steps",