{
  "t": [
    0.001,
    0.03221875,
    0.0634375,
    0.09465625,
    0.125875,
    0.15709375,
    0.1883125,
    0.21953125,
    0.25075,
    0.28196875,
    0.3131875,
    0.34440625,
    0.375625,
    0.40684375,
    0.4380625,
    0.46928125,
    0.5005,
    0.53171875,
    0.5629375,
    0.59415625,
    0.625375,
    0.65659375,
    0.6878125,
    0.71903125,
    0.75025,
    0.78146875,
    0.8126875,
    0.84390625,
    0.875125,
    0.90634375,
    0.9375625,
    0.96878125,
    1.0
  ],
  "curves": {
    "5K": [
      6.745197026064264e-06,
      4.760632047814244e-06,
      3.371275474155175e-06,
      3.452398273060517e-06,
      2.485312122669793e-05,
      2.8670439676491523e-05,
      4.215347180842799e-05,
      5.592000504773832e-05,
      5.917159253155834e-05,
      5.546962282178254e-05,
      5.851001190145898e-05,
      0.0003260343299270869,
      0.0005472415703050583,
      0.0007082192561447913,
      0.0008029532468396375,
      0.0012501974621515596,
      0.0023769720776655365,
      0.005041861885719085,
      0.010714806783735082,
      0.02766767294889086,
      0.06351230519541194,
      0.05903870537039939,
      0.052432866243833906,
      0.09055928299936016,
      0.1828073330139846,
      0.27133647511514386,
      0.3244508518261856,
      0.34976822338747177,
      0.3632527897866924,
      0.3684708375609323,
      0.37084720375832547,
      0.37221185544903357,
      0.37276671441753256
    ],
    "10K": [
      9.53891828706556e-07,
      6.511080643035252e-07,
      1.6748095077581526e-07,
      8.883140902510736e-08,
      9.148933064822681e-08,
      8.911393295195748e-08,
      8.3672502794062e-08,
      7.608589653449435e-08,
      6.405196018022252e-08,
      6.086034847122095e-08,
      5.884073501098162e-08,
      5.929068771529069e-08,
      5.8600051033863565e-08,
      7.03304122356038e-08,
      8.445681742977173e-08,
      5.105327131735812e-07,
      7.489083330210122e-06,
      8.99233262398309e-06,
      0.00010909835772294213,
      0.00018878699337405164,
      0.0002121437228504036,
      0.00020256005067944335,
      0.000329157971045175,
      0.0010198242108866028,
      0.0027111199647816045,
      0.005177407724301467,
      0.017433285462052635,
      0.07598060771320643,
      0.17428333303901586,
      0.2329629405160968,
      0.2589785731240605,
      0.26674907662895286,
      0.2677458511309677
    ],
    "15K": [
      1.7073542939000657e-07,
      8.805704198769827e-08,
      2.0007734275842788e-08,
      4.258968927840388e-09,
      3.945040049941097e-09,
      3.672968106938692e-09,
      3.3695031284492726e-09,
      2.396323758650366e-09,
      2.4381811027080986e-09,
      2.2916809024724407e-09,
      2.166109319378219e-09,
      2.2288950959560307e-09,
      3.3799659849979673e-09,
      6.487841075860733e-09,
      1.3959220356408867e-08,
      6.348156158045885e-08,
      5.565996429999195e-07,
      3.404281490512158e-07,
      3.4707203574245716e-06,
      2.2081471743749818e-05,
      1.2669705347179026e-05,
      5.081362243718206e-05,
      0.00024353122537147274,
      0.00041422547492606755,
      0.0012814466255518157,
      0.002545260311512465,
      0.005744863092229607,
      0.034772782429550474,
      0.13536800695269297,
      0.18852579325772403,
      0.23376736212312504,
      0.24692654073908088,
      0.2505260103204277
    ],
    "20K": [
      3.565182729810689e-08,
      1.5058123117955037e-08,
      7.314543358021959e-09,
      6.906432342378534e-10,
      8.790001504443978e-10,
      7.638927262279019e-10,
      4.185716292921227e-10,
      3.871788738557473e-10,
      3.767146519822206e-10,
      4.6042892095730815e-10,
      4.08107510332528e-10,
      3.5159502980713222e-09,
      2.427705845342451e-09,
      2.294768265796237e-08,
      2.1101440676569166e-07,
      2.9361233615671035e-06,
      1.4006888019459081e-05,
      1.1465978697666122e-05,
      1.031505514597749e-05,
      1.00485939099802e-05,
      2.3161049611690543e-05,
      0.0001754285376489534,
      0.000315214721963406,
      0.0005124979198738943,
      0.0006583497478244722,
      0.0020496541113603148,
      0.008137341170163636,
      0.04578994834021236,
      0.14637613162565766,
      0.22543475467167542,
      0.24185379703393142,
      0.2491868051250329,
      0.2512773744175943
    ]
  },
  "norms": {
    "5K": [
      0.8212683602665247,
      0.8118853086835882,
      0.8211190084393105,
      0.836431128255437,
      0.8533497606770376,
      0.8690926841135775,
      0.8809182992142238,
      0.8872884043147055,
      0.8883831152755223,
      0.8847576098495655,
      0.8760254784916224,
      0.8626792243357455,
      0.8473317435618197,
      0.8339399166321486,
      0.8293876862258054,
      0.8429784239008186,
      0.8816900253295898,
      0.9399460138899557,
      1.0011644149094485,
      1.0538070550125636,
      1.0946706921866771,
      1.1246981674365784,
      1.1460967974716358,
      1.1610882684086146,
      1.171497044938334,
      1.1786952929550343,
      1.1836692938643896,
      1.1871108258708138,
      1.1894986441965854,
      1.1911615521720287,
      1.1923249169681849,
      1.1931429016456176,
      1.1937212247527047
    ],
    "10K": [
      0.8266070719515339,
      0.8169702358460158,
      0.8284487563572572,
      0.8494866296146693,
      0.8746318602829837,
      0.8999894817223709,
      0.9227671998270442,
      0.9420079756318853,
      0.9584416914521978,
      0.9728492993987008,
      0.9835737528425924,
      0.986896697055088,
      0.979689115888617,
      0.961316119419055,
      0.9344117775391997,
      0.9022654094053119,
      0.8698360143082865,
      0.8540582871169187,
      0.8778239903825052,
      0.9395898433213823,
      1.0093859447522109,
      1.0675677395938488,
      1.1101186945197288,
      1.1393130441729942,
      1.1586966246701358,
      1.1713572941469343,
      1.1795691265149062,
      1.1848886789900532,
      1.1883431231037955,
      1.1905977163421975,
      1.1920795976445917,
      1.1930619464831407,
      1.1937195960055575
    ],
    "15K": [
      0.8146397558490882,
      0.8039177883876844,
      0.8152208006783818,
      0.8374972825639704,
      0.8645936773064431,
      0.8924566333213549,
      0.9194140487842346,
      0.9457558942644784,
      0.9717938605319248,
      0.995769629317723,
      1.0143918241007943,
      1.0244414083073647,
      1.0233191050840227,
      1.009334446339125,
      0.9827694196379586,
      0.9469973746310459,
      0.9057702160953136,
      0.8666895212752096,
      0.8563953785414107,
      0.8994753226805269,
      0.972614031159476,
      1.0413108139895322,
      1.0934172319562248,
      1.1293598239341478,
      1.1530136258414623,
      1.1682184733701555,
      1.1778885166296797,
      1.1840194852164623,
      1.1879134017429995,
      1.190399116344666,
      1.1919980852791432,
      1.1930366901869185,
      1.1937191138106786
    ],
    "20K": [
      0.804056789098161,
      0.7924790864580133,
      0.8038417730438575,
      0.827233057343558,
      0.8561047221837419,
      0.8867930723040292,
      0.9183232918214262,
      0.9504830221111855,
      0.9816591927174771,
      1.0090137117364433,
      1.029795753821898,
      1.0416701991906328,
      1.0424719178274777,
      1.0301838242605832,
      1.0037215050686612,
      0.9649221977491057,
      0.9191366581434615,
      0.8736895014730732,
      0.8516092729032709,
      0.885174322664068,
      0.9580456808711706,
      1.0305675549453563,
      1.0865251884031832,
      1.1252590565199263,
      1.1506881713867188,
      1.1669469469049003,
      1.1772162083829387,
      1.183676912543479,
      1.1877469587861822,
      1.19032377607367,
      1.1919679427414798,
      1.1930276463540752,
      1.1937189530790522
    ]
  },