{
  "t": [
    0.001,
    0.03221875,
    0.0634375,
    0.09465625,
    0.125875,
    0.15709375,
    0.1883125,
    0.21953125,
    0.25075,
    0.28196875,
    0.3131875,
    0.34440625,
    0.375625,
    0.40684375,
    0.4380625,
    0.46928125,
    0.5005,
    0.53171875,
    0.5629375,
    0.59415625,
    0.625375,
    0.65659375,
    0.6878125,
    0.71903125,
    0.75025,
    0.78146875,
    0.8126875,
    0.84390625,
    0.875125,
    0.90634375,
    0.9375625,
    0.96878125,
    1.0
  ],
  "curves": {
    "5K": [
      0.0,
      0.0,
      0.0,
      0.0,
      0.0,
      0.0,
      0.0,
      0.0,
      0.0,
      0.0,
      0.0,
      0.0,
      0.0,
      0.0,
      0.0,
      0.0,
      0.0,
      0.0,
      0.0,
      0.0,
      0.0,
      0.0,
      0.0,
      0.0,
      3.13928750036528e-10,
      5.744861215952895e-09,
      5.325097083386118e-08,
      3.0148686838922943e-07,
      6.176665567508781e-06,
      0.0008287287061822108,
      0.018814785426922057,
      0.19184271003423112,
      0.49377566776918563
    ],
    "10K": [
      0.0,
      0.0,
      0.0,
      0.0,
      0.0,
      0.0,
      0.0,
      0.0,
      0.0,
      0.0,
      0.0,
      0.0,
      0.0,
      0.0,
      0.0,
      0.0,
      0.0,
      3.1392893902393054e-11,
      2.302145166135261e-10,
      9.627147687031337e-10,
      2.710249455573576e-09,
      5.85999438736403e-09,
      1.0882846224690643e-08,
      2.157734505427276e-08,
      7.55910006768665e-07,
      0.00038204169412780543,
      0.0020560224094490907,
      0.01631221350994003,
      0.07808973882975204,
      0.18496046843153707,
      0.2799377307463228,
      0.3270247196883298,
      0.34816215011510954
    ],
    "15K": [
      0.0,
      0.0,
      0.0,
      0.0,
      0.0,
      0.0,
      0.0,
      0.0,
      0.0,
      0.0,
      0.0,
      0.0,
      0.0,
      0.0,
      0.0,
      0.0,
      2.0928595934928703e-11,
      1.0464297905092272e-10,
      3.5578609970774796e-10,
      1.5173229164996004e-09,
      6.048361352336389e-09,
      1.2142558619012724e-07,
      3.175258272160667e-05,
      0.001133465319296366,
      0.013247895755627181,
      0.05942852878838443,
      0.1329422305139263,
      0.19975035244159484,
      0.24430003594816402,
      0.2682488098573149,
      0.2782068627603938,
      0.2815138409646709,
      0.28328776359558105
    ],
    "20K": [
      0.0,
      0.0,
      0.0,
      0.0,
      0.0,
      0.0,
      0.0,
      0.0,
      0.0,
      0.0,
      0.0,
      0.0,
      0.0,
      0.0,
      0.0,
      0.0,
      3.1392893902393054e-11,
      5.860005963622085e-10,
      6.226246883859735e-09,
      2.5908270563530587e-06,
      0.000348269030500172,
      0.0038740716382777425,
      0.029797636558500568,
      0.0904276558522428,
      0.1638101821535089,
      0.22493547536014172,
      0.26313558053434566,
      0.28247515539105017,
      0.2909165339523487,
      0.29442646262351047,
      0.296049610952313,
      0.29639812265889026,
      0.298214328422975
    ]
  },
  "norms": {
    "5K": [
      26.12158923202686,
      25.59134048290467,
      25.32398455330495,
      25.104749358102175,
      24.910346213351474,
      24.73233272252458,
      24.566664449284584,
      24.41111361042837,
      24.26434771934252,
      24.125517770145716,
      23.994067245654847,
      23.869614847590416,
      23.751888660902388,
      23.640689121203476,
      23.535866383756144,
      23.43728946300035,
      23.344851718859726,
      23.258451654669944,
      23.17799120270804,
      23.10337606708655,
      23.03450783718838,
      22.971283987666784,
      22.91360336475158,
      22.861360699942942,
      22.814454668023615,
      22.77278445811754,
      22.73625800314914,
      22.704790951160902,
      22.678327753302757,
      22.6568447498793,
      22.640390631857883,
      22.629174564661604,
      22.623967545755793
    ],
    "10K": [
      40.19249871071805,
      37.737828972634304,
      35.930267333984375,
      34.28043116880267,
      32.761565819215235,
      31.37408447265625,
      30.120327038711377,
      28.999816208742978,
      28.008709511060392,
      27.14036748650369,
      26.38618966434779,
      25.73640013276861,
      25.180714467938028,
      24.70884138814519,
      24.31084382132198,
      23.97738613171524,
      23.699878821212256,
      23.47053579266152,
      23.28240143850948,
      23.129324237952073,
      23.005902236767028,
      22.907430241616925,
      22.829831584116047,
      22.76958131254389,
      22.723646013924245,
      22.68942020716292,
      22.664666165126842,
      22.64746213762948,
      22.636155717828302,
      22.629322009140186,
      22.625721620709708,
      22.624266206548455,
      22.623966688520454
    ],
    "15K": [
      54.76171669263518,
      51.030571755398526,
      47.12035309866573,
      43.15920951928985,
      39.43320662252019,
      36.11753073703037,
      33.28451778111833,
      30.935714550232618,
      29.032307142622017,
      27.51698217499122,
      26.327573283334797,
      25.404675430126403,
      24.695419482970507,
      24.154831446958394,
      23.745843094386412,
      23.438588003094278,
      23.209393790598664,
      23.039723257000528,
      22.91518033488413,
      22.824662969353493,
      22.75964166876975,
      22.71359390087342,
      22.681542900171173,
      22.659707744469802,
      22.64522903956724,
      22.6359508385819,
      22.630264453673632,
      22.626980213636763,
      22.625231624989027,
      22.6244052501207,
      22.62407898635007,
      22.62398246165072,
      22.623966688520454
    ],
    "20K": [
      65.3107807288009,
      61.05308001228933,
      55.25992335630267,
      48.92853743306706,
      42.97359097941538,
      37.89357217510095,
      33.82606489202949,
      30.70365785748771,
      28.375828432233146,
      26.676576764396067,
      25.455270488610427,
      24.58752887168627,
      23.97632658883427,
      23.54876263221998,
      23.25142952565397,
      23.04585386126229,
      22.90461388062895,
      22.80828857421875,
      22.74318686496006,
      22.69967514209533,
      22.67099599088176,
      22.652415071980336,
      22.640628428941362,
      22.633352558264573,
      22.629004317722963,
      22.626514391952686,
      22.62516287471471,
      22.624477257889307,
      22.62415905213088,
      22.62402892380618,
      22.623983490333128,
      22.62396977456768,
      22.623966688520454
    ]
  },
  "dists": {
    "5K": [
      6.67238059740388,
      11.40940291158269,
      13.290351610505178,
      14.72062923131364,
      15.934763361898701,
      17.017109217268697,
      18.00869048043583,
      18.932845212100595,
      19.804214306091993,
      20.632630766107795,
      21.425039569983323,
      22.186533209982883,
      22.92098244656338,
      23.6313987474763,
      24.320188029428547,
      24.989323991068293,
      25.640450466884655,
      26.274981552295472,
      26.89415783828564,
      27.4990944165862,
      28.09082922774754,
      28.67035014977616,
      29.23864026016064,
      29.7967093821322,
      30.345640032478933,
      30.88664879959621,
      31.421189554621666,
      31.95108340831285,
      32.47882937313466,
      33.0081787109375,
      33.54564469583919,
      34.10577152552229,
      34.772755483563024
    ],