{
  "t": [
    0.001,
    0.03221875,
    0.0634375,
    0.09465625,
    0.125875,
    0.15709375,
    0.1883125,
    0.21953125,
    0.25075,
    0.28196875,
    0.3131875,
    0.34440625,
    0.375625,
    0.40684375,
    0.4380625,
    0.46928125,
    0.5005,
    0.53171875,
    0.5629375,
    0.59415625,
    0.625375,
    0.65659375,
    0.6878125,
    0.71903125,
    0.75025,
    0.78146875,
    0.8126875,
    0.84390625,
    0.875125,
    0.90634375,
    0.9375625,
    0.96878125,
    1.0
  ],
  "curves": {
    "5K": [
      0.0,
      0.0,
      0.0,
      0.0,
      0.0,
      0.0,
      0.0,
      0.0,
      0.0,
      0.0,
      0.0,
      0.0,
      0.0,
      0.0,
      0.0,
      0.0,
      0.0,
      0.0,
      0.0,
      0.0,
      0.0,
      0.0,
      0.0,
      0.0,
      2.0928579032095013e-10,
      4.761184862097982e-09,
      4.591204759694949e-08,
      2.5833329024014727e-07,
      1.0645361562842225e-06,
      0.0002120241471775546,
      0.017930878179796626,
      0.20498358667566535,
      0.5007880564486042
    ],
    "10K": [
      0.0,
      0.0,
      0.0,
      0.0,
      0.0,
      0.0,
      0.0,
      0.0,
      0.0,
      0.0,
      0.0,
      0.0,
      0.0,
      0.0,
      0.0,
      0.0,
      0.0,
      4.1857188751253404e-11,
      2.406787147856624e-10,
      7.638925472200322e-10,
      2.0719249312494376e-09,
      4.0810638738559906e-09,
      7.774956029804978e-09,
      1.8082277468115688e-08,
      7.15962420436176e-08,
      4.5929597204479486e-05,
      0.0010612003840087506,
      0.016250185501039696,
      0.08970577730221695,
      0.20199927319301647,
      0.29295727911959873,
      0.33334512389108034,
      0.35489496488249705
    ],
    "15K": [
      0.0,
      0.0,
      0.0,
      0.0,
      0.0,
      0.0,
      0.0,
      0.0,
      0.0,
      0.0,
      0.0,
      0.0,
      0.0,
      0.0,
      0.0,
      1.0464297967464351e-11,
      2.0928595934928703e-11,
      7.325008577225047e-11,
      3.9764327847946855e-10,
      1.8940370670102977e-09,
      1.0663036795605283e-08,
      4.667972567286403e-08,
      2.945842591165519e-06,
      0.0013289975765647807,
      0.017875834839062743,
      0.07026140810398573,
      0.14404622222600358,
      0.21134128731288268,
      0.2544378269924207,
      0.27497819568334003,
      0.28264598900012755,
      0.28521409999118763,
      0.2878208535440852
    ],
    "20K": [
      0.0,
      0.0,
      0.0,
      0.0,
      0.0,
      0.0,
      0.0,
      0.0,
      0.0,
      0.0,
      0.0,
      0.0,
      0.0,
      0.0,
      0.0,
      0.0,
      3.1392893902393054e-11,
      5.755362902863737e-10,
      4.8972859725046894e-09,
      8.689298393425376e-08,
      1.6155016571625064e-05,
      0.0030735590380061876,
      0.028447401824961888,
      0.09098965800210332,
      0.16445921110303213,
      0.22500161106666822,
      0.2633451611808177,
      0.2831046554479706,
      0.291957474826427,
      0.2959422797299503,
      0.2973896948139319,
      0.29793665918071616,
      0.29902622137176854
    ]
  },
  "norms": {
    "5K": [
      26.116215738017907,
      25.581557027409584,
      25.31246913952774,
      25.09196420733848,
      24.896531351496666,
      24.717646566669593,
      24.551228383953653,
      24.395024674662043,
      24.247687521945224,
      24.10836106203915,
      23.976480205407302,
      23.851658510358146,
      23.73362234737096,
      23.622165637069873,
      23.517136820246666,
      23.4184021681882,
      23.325854697923983,
      23.239387426483496,
      23.158902286143785,
      23.08430292365256,
      23.015489213922052,
      22.952356917134832,
      22.89480265070883,
      22.842721831932497,
      22.796011249670823,
      22.75456666410639,
      22.718298922763783,
      22.68712041619119,
      22.660977995797488,
      22.639849373463836,
      22.62378838356961,
      22.613017392962167,
      22.608386950546436
    ],
    "10K": [
      40.18903410836552,
      37.72851836815309,
      35.91807710454705,
      34.26604058769312,
      32.74540830462166,
      31.356502918714888,
      30.1016135912263,
      28.98022632384568,
      27.988466755727703,
      27.11967073933462,
      26.365211743987008,
      25.715289512377108,
      25.159596303875528,
      24.68781957733497,
      24.290003401509832,
      23.956793967257724,
      23.679583945970858,
      23.450576610779493,
      23.262802295470507,
      23.11009919241573,
      22.987056775039502,
      22.888962134886324,
      22.811734831734988,
      22.7518428845352,
      22.706250822945925,
      22.672350079825755,
      22.64789829897077,
      22.630973558747367,
      22.61992053771287,
      22.613309710213308,
      22.609900142369646,
      22.608595773075404,
      22.6083866076523
    ],
    "15K": [
      54.75951668385709,
      51.02205083611306,
      47.10800685239642,
      43.14382763123244,
      39.41544093442767,
      36.09796108288711,
      33.26365541608146,
      30.914004893785112,
      29.01013012146682,
      27.494648451215767,
      26.305328369140625,
      25.38270688860604,
      24.67385452784849,
      24.133753401509832,
      23.725293791695925,
      23.41858081603318,
      23.18992220417837,
      23.02076481165511,
      22.89670399869426,
      22.806630852517117,
      22.742013652672927,
      22.69632815243153,
      22.664598786429075,
      22.643045146813552,
      22.62881143977133,
      22.619742232762025,
      22.61423055241617,
      22.61108947068118,
      22.60945523722788,
      22.608715614576017,
      22.608450043067503,
      22.60838935080539,
      22.608386436205233
    ],
    "20K": [
      65.3092637651422,
      61.04520647713308,
      55.24756065111482,
      48.91253456372893,
      42.95481478230337,
      37.872835995106215,
      33.80407817711991,
      30.681018957931006,
      28.353018085608323,
      26.653958438487535,
      25.433095181925914,
      24.565949515010534,
      23.95541416125351,
      23.528532906864466,
      23.231857814145894,
      23.026894215787394,
      22.88620698050167,
      22.790373555729897,
      22.725700464141504,
      22.68255889549684,
      22.65419554978274,
      22.635881402519313,
      22.624317812115958,
      22.61722401822551,
      22.61302545097437,
      22.610654338022297,
      22.609394544965767,
      22.608778364202948,
      22.60851142111789,
      22.608415239312677,
      22.60839106527607,
      22.608387121993506,
      22.608386436205233
    ]
  },
  "title": "Loss Geometry on Training Steps",
  "paths": [
    "/share/thickstun/sychou/workspace/research/s-flm/outputs/hflm_curv_init_lr_sudoku/bl_d-hard_a-langflow_ada_rs1"
  ],
  "loaded_steps": [
    5000,
    10000,
    15000,
    20000
  ],
  "num_batches": 8,
  "batch_size": 16
}