{
  "t": [
    0.001,
    0.03221875,
    0.0634375,
    0.09465625,
    0.125875,
    0.15709375,
    0.1883125,
    0.21953125,
    0.25075,
    0.28196875,
    0.3131875,
    0.34440625,
    0.375625,
    0.40684375,
    0.4380625,
    0.46928125,
    0.5005,
    0.53171875,
    0.5629375,
    0.59415625,
    0.625375,
    0.65659375,
    0.6878125,
    0.71903125,
    0.75025,
    0.78146875,
    0.8126875,
    0.84390625,
    0.875125,
    0.90634375,
    0.9375625,
    0.96878125,
    1.0
  ],
  "curves": {
    "5K": [
      0.0016962259676347458,
      0.0016679685786584741,
      0.0017173805163110956,
      0.0019726947739400202,
      0.002332010721147526,
      0.0028279431353439577,
      0.0035296911009936593,
      0.0043404156604083255,
      0.0053375498682726175,
      0.006606237744563259,
      0.008267942088423297,
      0.010268719983287156,
      0.012634425540454686,
      0.015404288889840245,
      0.018858575844205916,
      0.02342362469062209,
      0.02967196563258767,
      0.038600615225732327,
      0.051149328239262104,
      0.06829131068661809,
      0.09170252177864313,
      0.12444104440510273,
      0.17175425961613655,
      0.24025213718414307,
      0.34292659908533096,
      0.5075725391507149,
      0.783893883228302,
      1.2819106578826904,
      2.188069760799408,
      3.55649796128273,
      4.927365183830261,
      5.713429093360901,
      5.935517430305481
    ],
    "20K": [
      0.0008618108413524506,
      0.0008879985242406518,
      0.000912198572368933,
      0.0009314226943305248,
      0.0009411205595201699,
      0.0009539821213441768,
      0.0009747949738084793,
      0.000994434987657833,
      0.0010225494166653526,
      0.0010458849657482006,
      0.0010764828395304349,
      0.0011139425017523408,
      0.0011574047012388178,
      0.0012118944709769153,
      0.0012825131071281248,
      0.0013943322228158195,
      0.0016041367060495304,
      0.0018976894234015163,
      0.0022584138126262587,
      0.0027295702620904194,
      0.0033821263423305936,
      0.004375931624963414,
      0.005821019571158104,
      0.007731869656709023,
      0.010378277860581875,
      0.014237746858270839,
      0.020356941386125982,
      0.03208568342961371,
      0.05809920886531472,
      0.11800819262862206,
      0.28617842867970467,
      1.3483369946479797,
      5.9243751764297485
    ],
    "30K": [
      0.000960299113908377,
      0.0009708026310502015,
      0.0009945187507636143,
      0.0010154694532677998,
      0.0010402541895543314,
      0.0010649615564843826,
      0.0010861416659635331,
      0.0011089435458832772,
      0.0011348314855580688,
      0.0011602351001174793,
      0.001195103853495194,
      0.0012337169262426895,
      0.0012842932079735192,
      0.0013455424782173875,
      0.0014161193337729472,
      0.001503351597875735,
      0.0016154436341349054,
      0.0017738045515915957,
      0.0019742953567103427,
      0.0022283151875370777,
      0.0024991853388769414,
      0.0028506146169320346,
      0.003297193252819852,
      0.004129698208998889,
      0.005557407275773585,
      0.007582661753986031,
      0.010438690544106066,
      0.015260604151990265,
      0.024932093685492873,
      0.050930588971823454,
      0.1277279034256935,
      0.4873053729534149,
      5.917186498641968
    ]
  },
  "title": "Loss Geometry on Training Steps",
  "paths": [
    "/share/thickstun/sychou/workspace/research/s-flm/outputs/naive_geo_tinystories_s256/eflm"
  ],
  "loaded_steps": [
    5000,
    20000,
    30000
  ],
  "num_batches": 8,
  "batch_size": 16
}