{
  "t": [
    0.001,
    0.03221875,
    0.0634375,
    0.09465625,
    0.125875,
    0.15709375,
    0.1883125,
    0.21953125,
    0.25075,
    0.28196875,
    0.3131875,
    0.34440625,
    0.375625,
    0.40684375,
    0.4380625,
    0.46928125,
    0.5005,
    0.53171875,
    0.5629375,
    0.59415625,
    0.625375,
    0.65659375,
    0.6878125,
    0.71903125,
    0.75025,
    0.78146875,
    0.8126875,
    0.84390625,
    0.875125,
    0.90634375,
    0.9375625,
    0.96878125,
    1.0
  ],
  "curves": {
    "5K": [
      0.0,
      0.0,
      0.0,
      0.0,
      0.0,
      0.0,
      0.0,
      0.0,
      0.0,
      0.0,
      0.0,
      4.692969875555453e-10,
      4.809298864661901e-07,
      6.065319211323583e-05,
      0.0005635584602714516,
      0.0020445520931389183,
      0.00601506803650409,
      0.016230633831582963,
      0.03785475599579513,
      0.07622857065871358,
      0.1382103618234396,
      0.22939675860106945,
      0.35635343939065933,
      0.5275253988802433,
      0.770727351307869,
      1.149977907538414,
      1.7888769209384918,
      2.8487548232078552,
      4.226952016353607,
      5.3012531995773315,
      5.746135234832764,
      5.907312512397766,
      5.935881197452545
    ],
    "20K": [
      0.5027917176485062,
      0.7131119966506958,
      0.8024542182683945,
      0.8834597170352936,
      0.9762484282255173,
      1.0815278217196465,
      1.1921416372060776,
      1.3131697624921799,
      1.4455798119306564,
      1.5880173295736313,
      1.736953929066658,
      1.9094631969928741,
      2.1047299206256866,
      2.3222066462039948,
      2.5590506196022034,
      2.8026868104934692,
      3.0581227838993073,
      3.3251242339611053,
      3.6100625097751617,
      3.8685688972473145,
      4.14776885509491,
      4.4296886920928955,
      4.67184990644455,
      4.88431316614151,
      5.0933749079704285,
      5.293998539447784,
      5.436911702156067,
      5.547748565673828,
      5.653428733348846,
      5.741130471229553,
      5.820432245731354,
      5.886908829212189,
      5.93030059337616
    ],
    "30K": [
      0.5605921968817711,
      0.7364538013935089,
      0.8184369504451752,
      0.8982331082224846,
      0.9870011433959007,
      1.0832050889730453,
      1.1951338946819305,
      1.31503464281559,
      1.4465385526418686,
      1.5867667496204376,
      1.7434434294700623,
      1.914301574230194,
      2.1018578559160233,
      2.327775150537491,
      2.56944739818573,
      2.8193333446979523,
      3.066585212945938,
      3.3321928083896637,
      3.604922741651535,
      3.8653592467308044,
      4.137904465198517,
      4.418609023094177,
      4.668378293514252,
      4.896992206573486,
      5.0948010087013245,
      5.29410445690155,
      5.447729110717773,
      5.557857096195221,
      5.656204998493195,
      5.742257654666901,
      5.820978403091431,
      5.88658481836319,
      5.929611921310425
    ]
  },
  "title": "Loss Geometry on Training Steps",
  "paths": [
    "outputs/adv_geo_tinystories_s256/lf_ada_sc_lr1e-3"
  ],
  "loaded_steps": [
    5000,
    20000,
    30000
  ],
  "num_batches": 8,
  "batch_size": 16
}