{
  "t": [
    0.001,
    0.03221875,
    0.0634375,
    0.09465625,
    0.125875,
    0.15709375,
    0.1883125,
    0.21953125,
    0.25075,
    0.28196875,
    0.3131875,
    0.34440625,
    0.375625,
    0.40684375,
    0.4380625,
    0.46928125,
    0.5005,
    0.53171875,
    0.5629375,
    0.59415625,
    0.625375,
    0.65659375,
    0.6878125,
    0.71903125,
    0.75025,
    0.78146875,
    0.8126875,
    0.84390625,
    0.875125,
    0.90634375,
    0.9375625,
    0.96878125,
    1.0
  ],
  "curves": {
    "5K": [
      0.0,
      0.0,
      0.0,
      0.0,
      0.0,
      0.0,
      0.0,
      0.0,
      0.0,
      0.0,
      0.0,
      9.094940078835378e-11,
      1.5426906871396362e-07,
      2.7462156873742094e-05,
      0.0004087809250457042,
      0.0019679598490256467,
      0.006446812498325016,
      0.01675490557681769,
      0.038224924355745316,
      0.07816876657307148,
      0.1430614311248064,
      0.23866898193955421,
      0.3679668754339218,
      0.5364577695727348,
      0.7638152092695236,
      1.118228793144226,
      1.7332264930009842,
      2.750474601984024,
      4.061131626367569,
      5.191709280014038,
      5.737454175949097,
      5.906311094760895,
      5.936903655529022
    ],
    "20K": [
      0.5201799012720585,
      0.7131626084446907,
      0.79852045327425,
      0.8797877356410027,
      0.9657432734966278,
      1.0581443160772324,
      1.1581707894802094,
      1.2689580470323563,
      1.3918484598398209,
      1.5313487648963928,
      1.6885883808135986,
      1.8631519228219986,
      2.0492532551288605,
      2.2451282739639282,
      2.4524066746234894,
      2.6726655662059784,
      2.9071159958839417,
      3.155359387397766,
      3.414801001548767,
      3.675992488861084,
      3.940072923898697,
      4.196118772029877,
      4.451213896274567,
      4.700153470039368,
      4.939785957336426,
      5.156073749065399,
      5.3404815793037415,
      5.496527969837189,
      5.626709878444672,
      5.731412589550018,
      5.816989958286285,
      5.885316371917725,
      5.9313125014305115
    ],
    "30K": [
      0.5702210441231728,
      0.7306118309497833,
      0.8108099699020386,
      0.8913690447807312,
      0.9760611653327942,
      1.0643580853939056,
      1.1632178127765656,
      1.2745997160673141,
      1.4001868069171906,
      1.542946308851242,
      1.7034350484609604,
      1.8794064819812775,
      2.0682461857795715,
      2.26398503780365,
      2.471929967403412,
      2.6930351555347443,
      2.9307425022125244,
      3.180314928293228,
      3.437589854001999,
      3.704441010951996,
      3.9757934510707855,
      4.232720851898193,
      4.481280028820038,
      4.729237914085388,
      4.960988700389862,
      5.1703941822052,
      5.352202773094177,
      5.500537157058716,
      5.62664121389389,
      5.731428861618042,
      5.816639482975006,
      5.88458389043808,
      5.930788576602936
    ]
  },
  "title": "Loss Geometry on Training Steps",
  "paths": [
    "outputs/adv_geo_tinystories_s256/lf_ada_lr1e-3"
  ],
  "loaded_steps": [
    5000,
    20000,
    30000
  ],
  "num_batches": 8,
  "batch_size": 16
}