{
  "t": [
    0.001,
    0.03221875,
    0.0634375,
    0.09465625,
    0.125875,
    0.15709375,
    0.1883125,
    0.21953125,
    0.25075,
    0.28196875,
    0.3131875,
    0.34440625,
    0.375625,
    0.40684375,
    0.4380625,
    0.46928125,
    0.5005,
    0.53171875,
    0.5629375,
    0.59415625,
    0.625375,
    0.65659375,
    0.6878125,
    0.71903125,
    0.75025,
    0.78146875,
    0.8126875,
    0.84390625,
    0.875125,
    0.90634375,
    0.9375625,
    0.96878125,
    1.0
  ],
  "curves": {
    "5K": [
      0.036643002182245255,
      0.06939978990703821,
      0.1131848432123661,
      0.1652892343699932,
      0.21845495328307152,
      0.27469937317073345,
      0.3452840596437454,
      0.43862558528780937,
      0.5415990427136421,
      0.6584877073764801,
      0.7940471321344376,
      0.9310536757111549,
      1.0705819427967072,
      1.2241941839456558,
      1.4021367579698563,
      1.60488623380661,
      1.828918680548668,
      2.071917310357094,
      2.335013657808304,
      2.619030386209488,
      2.911728084087372,
      3.2090918123722076,
      3.5120668411254883,
      3.8133572340011597,
      4.11356794834137,
      4.419215381145477,
      4.7139148116111755,
      4.9911240339279175,
      5.2401368618011475,
      5.467119514942169,
      5.677916705608368,
      5.826373636722565,
      5.9270734786987305
    ],
    "20K": [
      0.04793145973235369,
      0.07665122114121914,
      0.10661616362631321,
      0.14462200179696083,
      0.18854877352714539,
      0.23249276168644428,
      0.279324434697628,
      0.3321315757930279,
      0.3901504836976528,
      0.4536648504436016,
      0.5267256610095501,
      0.6110978275537491,
      0.7068788334727287,
      0.8139312490820885,
      0.9326197430491447,
      1.0661316886544228,
      1.2137268781661987,
      1.3754654377698898,
      1.553727313876152,
      1.7534565478563309,
      1.9773746877908707,
      2.2341975569725037,
      2.5332100987434387,
      2.886415332555771,
      3.295484274625778,
      3.7298170626163483,
      4.16195684671402,
      4.585281491279602,
      4.979787588119507,
      5.303971111774445,
      5.554854869842529,
      5.740691781044006,
      5.926654100418091
    ],
    "30K": [
      0.04737027268856764,
      0.08957129996269941,
      0.13830083422362804,
      0.19702042639255524,
      0.26602538861334324,
      0.3420897461473942,
      0.4107291139662266,
      0.4903986342251301,
      0.5950750634074211,
      0.7222278341650963,
      0.8529852777719498,
      0.9923116937279701,
      1.151882916688919,
      1.3440993279218674,
      1.5676921755075455,
      1.8052842170000076,
      2.051432877779007,
      2.3177381455898285,
      2.6046792566776276,
      2.9160825610160828,
      3.245228201150894,
      3.582158774137497,
      3.908009022474289,
      4.208692669868469,
      4.497890770435333,
      4.768585205078125,
      5.007830381393433,
      5.218031287193298,
      5.406187653541565,
      5.576941072940826,
      5.72001188993454,
      5.8502302169799805,
      5.926895439624786
    ]
  },
  "title": "Loss Geometry on Training Steps",
  "paths": [
    "outputs/adv_geo_tinystories_s256/sfm_ada_trunc_lr1e-3"
  ],
  "loaded_steps": [
    5000,
    20000,
    30000
  ],
  "num_batches": 8,
  "batch_size": 16
}