{
  "t": [
    0.001,
    0.03221875,
    0.0634375,
    0.09465625,
    0.125875,
    0.15709375,
    0.1883125,
    0.21953125,
    0.25075,
    0.28196875,
    0.3131875,
    0.34440625,
    0.375625,
    0.40684375,
    0.4380625,
    0.46928125,
    0.5005,
    0.53171875,
    0.5629375,
    0.59415625,
    0.625375,
    0.65659375,
    0.6878125,
    0.71903125,
    0.75025,
    0.78146875,
    0.8126875,
    0.84390625,
    0.875125,
    0.90634375,
    0.9375625,
    0.96878125,
    1.0
  ],
  "curves": {
    "5K": [
      0.020689147524535656,
      0.02542763762176037,
      0.03154314449056983,
      0.03928902419283986,
      0.04901314526796341,
      0.06123010162264109,
      0.07643755245953798,
      0.09539231099188328,
      0.11873023398220539,
      0.1474638618528843,
      0.18322332948446274,
      0.22753296233713627,
      0.28269338607788086,
      0.35225604474544525,
      0.44029567390680313,
      0.5521416068077087,
      0.6949617713689804,
      0.8739872872829437,
      1.0979291200637817,
      1.3731817156076431,
      1.7022934257984161,
      2.0839065462350845,
      2.5207521617412567,
      3.0079071819782257,
      3.530153661966324,
      4.052281141281128,
      4.552595615386963,
      4.981394946575165,
      5.323360502719879,
      5.5854076743125916,
      5.769480526447296,
      5.880317568778992,
      5.9275893568992615
    ],
    "20K": [
      0.015194185078144073,
      0.018697721767239273,
      0.023077119840309024,
      0.028506403788924217,
      0.03544762637466192,
      0.043937319656834006,
      0.05455404752865434,
      0.0676488233730197,
      0.08421753160655499,
      0.10493560321629047,
      0.13117916882038116,
      0.16377796418964863,
      0.20441451482474804,
      0.2552916780114174,
      0.31959138810634613,
      0.40228771045804024,
      0.5099914073944092,
      0.6526647731661797,
      0.8364241793751717,
      1.0725783109664917,
      1.37415312230587,
      1.7549556642770767,
      2.2228824198246,
      2.7668526470661163,
      3.3454907536506653,
      3.93033829331398,
      4.465871274471283,
      4.928464233875275,
      5.297584354877472,
      5.581706345081329,
      5.771221935749054,
      5.881749629974365,
      5.927411437034607
    ],
    "30K": [
      0.014399692649021745,
      0.017895745462737978,
      0.021957744611427188,
      0.0269606274086982,
      0.033282456221058965,
      0.04110785131342709,
      0.05096610030159354,
      0.06320883240550756,
      0.07860861020162702,
      0.0977552467957139,
      0.12169934157282114,
      0.15128224156796932,
      0.1877010278403759,
      0.23278258554637432,
      0.29127174243330956,
      0.36851587519049644,
      0.47002601996064186,
      0.6029797121882439,
      0.7774335294961929,
      1.0025377199053764,
      1.2921526581048965,
      1.6675032526254654,
      2.1327880918979645,
      2.6810930371284485,
      3.2872814536094666,
      3.8927341997623444,
      4.44331556558609,
      4.91166090965271,
      5.298589527606964,
      5.581620991230011,
      5.769502580165863,
      5.880635380744934,
      5.927380681037903
    ]
  },
  "title": "Loss Geometry on Training Steps",
  "paths": [
    "outputs/adv_geo_tinystories_s256/sfm_trunc_lr1e-3"
  ],
  "loaded_steps": [
    5000,
    20000,
    30000
  ],
  "num_batches": 8,
  "batch_size": 16
}