{
  "t": [
    0.001,
    0.03221875,
    0.0634375,
    0.09465625,
    0.125875,
    0.15709375,
    0.1883125,
    0.21953125,
    0.25075,
    0.28196875,
    0.3131875,
    0.34440625,
    0.375625,
    0.40684375,
    0.4380625,
    0.46928125,
    0.5005,
    0.53171875,
    0.5629375,
    0.59415625,
    0.625375,
    0.65659375,
    0.6878125,
    0.71903125,
    0.75025,
    0.78146875,
    0.8126875,
    0.84390625,
    0.875125,
    0.90634375,
    0.9375625,
    0.96878125,
    1.0
  ],
  "curves": {
    "5K": [
      0.0007235858274725615,
      0.0007399610398692857,
      0.0007969174375830335,
      0.0008523697200644165,
      0.0009218785793336792,
      0.0010143437139049638,
      0.0011334145615364832,
      0.0013033696441198117,
      0.001530462233858998,
      0.0019327690424688626,
      0.002637152538227383,
      0.004104143721633591,
      0.006967320863623172,
      0.012327865464612842,
      0.021790791768580675,
      0.03796868212521076,
      0.063980164937675,
      0.10356076061725616,
      0.16169222071766853,
      0.2441040761768818,
      0.35749155655503273,
      0.5082000941038132,
      0.7038778439164162,
      0.9537942409515381,
      1.265882894396782,
      1.6480731666088104,
      2.109582394361496,
      2.658049076795578,
      3.294429898262024,
      4.005541384220123,
      4.753172695636749,
      5.449993252754211,
      5.949053049087524
    ],
    "20K": [
      5.5288915604023714e-05,
      0.00019526030860106403,
      0.00026448129838740897,
      0.0003437357470943425,
      0.00046369210826924245,
      0.0007158959265325393,
      0.0012091412500012666,
      0.002170948195271194,
      0.0036064768210053444,
      0.005800052633276209,
      0.009124103817157447,
      0.014006713288836181,
      0.021108495304360986,
      0.03085407637991011,
      0.044420727994292974,
      0.06276512984186411,
      0.08691251277923584,
      0.11852633953094482,
      0.1598351802676916,
      0.21457459218800068,
      0.2870037443935871,
      0.3821408860385418,
      0.5083952806890011,
      0.6771639809012413,
      0.9003099203109741,
      1.193305343389511,
      1.5928377509117126,
      2.1182073652744293,
      2.794451981782913,
      3.611505091190338,
      4.49526447057724,
      5.329234063625336,
      5.926844418048859
    ],
    "30K": [
      3.808778748748409e-05,
      7.020475912611346e-05,
      0.00012610432477799804,
      0.0001632798977055927,
      0.0002099219267108765,
      0.0002711816594000993,
      0.0003174014627802535,
      0.00037302910254766175,
      0.0004415916588413893,
      0.0005358470534702064,
      0.0006588336741515377,
      0.000802576721071091,
      0.001016016650282836,
      0.0013638649397762492,
      0.0019053459327551536,
      0.002620251019834541,
      0.0037677524669561535,
      0.005510986811714247,
      0.008035266888327897,
      0.01200887153390795,
      0.0179119169479236,
      0.026599733857437968,
      0.03942755563184619,
      0.0590006890706718,
      0.08911222871392965,
      0.13647839706391096,
      0.21472187153995037,
      0.3537997156381607,
      0.6140521019697189,
      1.1323895752429962,
      2.2321002781391144,
      4.320736050605774,
      5.92630398273468
    ]
  },
  "title": "Loss Geometry on Training Steps",
  "paths": [
    "outputs/adv_geo_tinystories_s256/sfm_ada_lr1e-3"
  ],
  "loaded_steps": [
    5000,
    20000,
    30000
  ],
  "num_batches": 8,
  "batch_size": 16
}