{
  "t": [
    0.001,
    0.03221875,
    0.0634375,
    0.09465625,
    0.125875,
    0.15709375,
    0.1883125,
    0.21953125,
    0.25075,
    0.28196875,
    0.3131875,
    0.34440625,
    0.375625,
    0.40684375,
    0.4380625,
    0.46928125,
    0.5005,
    0.53171875,
    0.5629375,
    0.59415625,
    0.625375,
    0.65659375,
    0.6878125,
    0.71903125,
    0.75025,
    0.78146875,
    0.8126875,
    0.84390625,
    0.875125,
    0.90634375,
    0.9375625,
    0.96878125,
    1.0
  ],
  "curves": {
    "5K": [
      0.020147335366345942,
      0.024877884425222874,
      0.03089238773100078,
      0.03864468284882605,
      0.048390711192041636,
      0.06081961002200842,
      0.07617479749023914,
      0.0952349305152893,
      0.1189422681927681,
      0.1486110184341669,
      0.18638555333018303,
      0.23415740579366684,
      0.2928638868033886,
      0.36550499126315117,
      0.45601437240839005,
      0.569357842206955,
      0.7127279713749886,
      0.891257643699646,
      1.1108557283878326,
      1.3795731365680695,
      1.7073109298944473,
      2.096150815486908,
      2.5437315106391907,
      3.0459761023521423,
      3.5732186138629913,
      4.10893052816391,
      4.6177366971969604,
      5.027079999446869,
      5.350537419319153,
      5.600061118602753,
      5.779042541980743,
      5.885962247848511,
      5.9288489818573
    ],
    "20K": [
      0.014016563538461924,
      0.017241370165720582,
      0.021300308872014284,
      0.026401832699775696,
      0.032774669118225574,
      0.04073693556711078,
      0.05080095399171114,
      0.06322997389361262,
      0.07890947815030813,
      0.09886723943054676,
      0.12423203233629465,
      0.15568772330880165,
      0.19494912028312683,
      0.24433713220059872,
      0.3080269321799278,
      0.39144643768668175,
      0.5001491792500019,
      0.6413456052541733,
      0.8268174231052399,
      1.069255992770195,
      1.3743978440761566,
      1.755642220377922,
      2.2274323999881744,
      2.7672297954559326,
      3.346218019723892,
      3.9370084702968597,
      4.480378270149231,
      4.938663125038147,
      5.293146967887878,
      5.5714640617370605,
      5.762139856815338,
      5.878125250339508,
      5.926575422286987
    ],
    "30K": [
      0.013959250529296696,
      0.01710213429760188,
      0.02104646246880293,
      0.02589937997981906,
      0.03208431461825967,
      0.03966485685668886,
      0.049059396144002676,
      0.06076105684041977,
      0.0753976572304964,
      0.09368800465017557,
      0.1166114741936326,
      0.14502788707613945,
      0.18092998303472996,
      0.2262680772691965,
      0.2845693677663803,
      0.36050548776984215,
      0.46214739978313446,
      0.5973083227872849,
      0.7729290649294853,
      1.003230333328247,
      1.297891080379486,
      1.6806440353393555,
      2.159329265356064,
      2.707793027162552,
      3.2930286526679993,
      3.8826641738414764,
      4.448648631572723,
      4.908740282058716,
      5.272582292556763,
      5.555680096149445,
      5.756428301334381,
      5.875702738761902,
      5.926434099674225
    ]
  },
  "norms": {
    "5K": [
      1.0,
      1.0,
      1.0,
      1.0,
      1.0,
      1.0,
      1.0,
      1.0,
      1.0,
      1.0,
      1.0,
      1.0,
      1.0,
      1.0,
      1.0,
      1.0,
      1.0,
      1.0,
      1.0,
      1.0,
      1.0,
      1.0,
      1.0,
      1.0,
      1.0,
      1.0,
      1.0,
      1.0,
      1.0,
      1.0,
      1.0,
      1.0,
      1.0
    ],
    "20K": [
      1.0,
      1.0,
      1.0,
      1.0,
      1.0,
      1.0,
      1.0,
      1.0,
      1.0,
      1.0,
      1.0,
      1.0,
      1.0,
      1.0,
      1.0,
      1.0,
      1.0,
      1.0,
      1.0,
      1.0,
      1.0,
      1.0,
      1.0,
      1.0,
      1.0,
      1.0,
      1.0,
      1.0,
      1.0,
      1.0,
      1.0,
      1.0,
      1.0
    ],
    "30K": [
      1.0,
      1.0,
      1.0,
      1.0,
      1.0,
      1.0,
      1.0,
      1.0,
      1.0,
      1.0,
      1.0,
      1.0,
      1.0,
      1.0,
      1.0,
      1.0,
      1.0,
      1.0,
      1.0,
      1.0,
      1.0,
      1.0,
      1.0,
      1.0,
      1.0,
      1.0,
      1.0,
      1.0,
      1.0,
      1.0,
      1.0,
      1.0,
      1.0
    ]
  },
  "title": "Loss Geometry on Training Steps",
  "paths": [
    "/share/thickstun/sychou/workspace/research/s-flm/outputs/adv_geo_tinystories_s256/sfm_trunc_lr1e-3"
  ],
  "loaded_steps": [
    5000,
    20000,
    30000
  ],
  "num_batches": 8,
  "batch_size": 16
}