{
  "t": [
    0.001,
    0.03221875,
    0.0634375,
    0.09465625,
    0.125875,
    0.15709375,
    0.1883125,
    0.21953125,
    0.25075,
    0.28196875,
    0.3131875,
    0.34440625,
    0.375625,
    0.40684375,
    0.4380625,
    0.46928125,
    0.5005,
    0.53171875,
    0.5629375,
    0.59415625,
    0.625375,
    0.65659375,
    0.6878125,
    0.71903125,
    0.75025,
    0.78146875,
    0.8126875,
    0.84390625,
    0.875125,
    0.90634375,
    0.9375625,
    0.96878125,
    1.0
  ],
  "curves": {
    "5K": [
      4.108315959946891e-06,
      2.0773454554237717e-06,
      9.88927679960459e-07,
      1.0441327003207518e-06,
      1.2963015210567555e-06,
      1.644680574582105e-06,
      1.7186067871693156e-06,
      1.4940162983610493e-06,
      1.3866809015607022e-06,
      1.2370798450841024e-06,
      1.1831374792839935e-06,
      1.1954641368912448e-06,
      1.6377230320849162e-06,
      2.17209118714339e-06,
      4.125147722916562e-06,
      6.0839763310478916e-06,
      1.234186738350146e-05,
      2.9423825069673338e-05,
      0.00013007801341669885,
      0.0006892572482786235,
      0.001598656543117184,
      0.004376320628805107,
      0.00973840273414435,
      0.024725452232896614,
      0.08811631095543336,
      0.17914863382832388,
      0.24713040469737535,
      0.2722602560279075,
      0.2793203793214948,
      0.28224396437741395,
      0.283393760745445,
      0.2839150321617555,
      0.28453767433595123
    ],
    "10K": [
      1.7672332484089362e-06,
      1.3377071155354203e-06,
      1.9801587114578866e-07,
      1.761664041909723e-07,
      1.6188260851164017e-07,
      1.6017678349731448e-07,
      1.5466202149694797e-07,
      1.5266308626737197e-07,
      1.439466934264121e-07,
      1.3640199673379734e-07,
      1.292968031367728e-07,
      1.2374025419795246e-07,
      1.2445174474982033e-07,
      1.3521893317906023e-07,
      2.779090076667293e-07,
      1.069508759806677e-06,
      3.1343923354326986e-06,
      4.392983895373169e-06,
      1.6712818681584945e-05,
      0.00018283447051227708,
      0.0006336533893118848,
      0.0009895883395074634,
      0.0024701178857397415,
      0.0040186675961307265,
      0.007494031796964367,
      0.04520338104012307,
      0.12810659274626313,
      0.20477442393142187,
      0.23192048876473073,
      0.23913249808750794,
      0.2421193497904231,
      0.24312379922759667,
      0.2433654029717606
    ],
    "15K": [
      4.801010996498314e-07,
      4.0094926773460604e-07,
      1.575922681240627e-08,
      3.4532175770559506e-09,
      2.6788594513696513e-09,
      2.5951442642775455e-09,
      2.6683924583046085e-09,
      3.024177762144615e-09,
      4.07060484695301e-09,
      4.164786528133519e-09,
      4.740323190157489e-09,
      6.1948514732439125e-09,
      4.541503712422188e-09,
      5.357716487692364e-09,
      1.480676271729648e-08,
      8.635419750055845e-08,
      6.981931318138874e-07,
      2.573758235399657e-06,
      0.00024223689486331195,
      0.004317077682280273,
      0.0038273491620535944,
      0.00322111274883273,
      0.002276844508701339,
      0.0038568055390621,
      0.008647321974544714,
      0.03483627083596219,
      0.16001364086451156,
      0.21565816911418786,
      0.2333698205733567,
      0.240377444899484,
      0.24225754684276796,
      0.24300582221384798,
      0.24367244323987639
    ],
    "20K": [
      4.312017286854294e-07,
      2.3273618649766557e-07,
      9.982939019756598e-09,
      2.6474672242247937e-09,
      2.323074027775251e-09,
      2.417252675177786e-09,
      2.270752415064931e-09,
      2.427716834055512e-09,
      2.7207170548952366e-09,
      2.919538768045886e-09,
      3.714825161589973e-09,
      4.6880046910614054e-09,
      5.713504436108564e-09,
      7.4087152193421865e-09,
      8.413286566797631e-09,
      1.562306255401085e-08,
      2.9070471310576663e-06,
      4.614455472780129e-06,
      8.705799791022038e-06,
      2.6859896162556325e-05,
      0.00039005262111250626,
      0.0008978326716269779,
      0.0014534213679080802,
      0.0019839181053959713,
      0.002997703044518326,
      0.010386352312196506,
      0.06460100948140862,
      0.17016005917881313,
      0.2373080575064327,
      0.2551127350732182,
      0.26165131772502087,
      0.2638950053225742,
      0.2616361044765858
    ]
  },
  "norms": {
    "5K": [
      0.6914480402228538,
      0.6775128332416663,
      0.6858871277798427,
      0.704131592525525,
      0.7250136686175057,
      0.7441096573733212,
      0.7600415583406941,
      0.7730191798692339,
      0.7816694559675924,
      0.7841763442821716,
      0.7812569221753752,
      0.7737553842951742,
      0.7609817954931366,
      0.7469822851459632,
      0.7404817945501777,
      0.7528590620233772,
      0.790875842062275,
      0.8431058412187555,
      0.8911845603685701,
      0.9276937098985307,
      0.953013570121165,
      0.9697886370541005,
      0.9806461977155021,
      0.9875955153047369,
      0.9920243788301275,
      0.9948466118801845,
      0.9966495278176297,
      0.9978062168935712,
      0.9985523866803458,
      0.9990368425176385,
      0.9993536874149622,
      0.9995624563667211,
      0.9997012213374792
    ],
    "10K": [
      0.7108082503415225,
      0.6971981605786955,
      0.7059587735808297,
      0.7255426792616255,
      0.749442293402854,
      0.7732627632912625,
      0.7944896569412746,
      0.8135383798834983,
      0.8319183842519696,
      0.8482348088468059,
      0.8586306839846494,
      0.8604129405503862,
      0.8538675308227539,
      0.8422173167882341,
      0.8251602087128028,
      0.7968923375847634,
      0.7621367272366298,
      0.7449220485901564,
      0.7721178076240454,
      0.8328067372354229,
      0.8909701550944468,
      0.9328898954927252,
      0.9598022310921316,
      0.9761883274892743,
      0.9859236277891009,
      0.9916495741083381,
      0.995010440269213,
      0.9969885858257165,
      0.9981599872031909,
      0.998859716265389,
      0.9992822047029988,
      0.9995405540037691,
      0.9997007927198088
    ],
    "15K": [
      0.7106110540668616,
      0.6973547185404917,
      0.7068672394484616,
      0.7277547000499254,
      0.7532044528575426,
      0.7784822871176045,
      0.8010887081703443,
      0.8216320959369788,
      0.8422665328122256,
      0.8625557074386082,
      0.8788338243291619,
      0.8875355988406064,
      0.8865906897555577,
      0.8760355617223161,
      0.8590870653645376,
      0.837276169423307,
      0.8031913242983014,
      0.7588412252704749,
      0.7392829187800375,
      0.7809316978025972,
      0.850113557965568,
      0.9074421893344836,
      0.9455133395248585,
      0.9685953333136741,
      0.9820254250858607,
      0.9897004245372301,
      0.9940601520324022,
      0.996538794442509,
      0.9979554829972513,
      0.998772363984183,
      0.9992489011100169,
      0.9995308993907457,
      0.9997006427036242
    ],
    "20K": [
      0.7089837910084242,
      0.6934991257913997,
      0.701827451084437,
      0.7234189965751734,
      0.7499909561671568,
      0.7762258829695455,
      0.800259890181295,
      0.8233811024869426,
      0.8471587749009721,
      0.8698538555188126,
      0.8878380636150918,
      0.8981859764356291,
      0.8989841696921359,
      0.8894870950934592,
      0.871476655595758,
      0.8486933011687203,
      0.8168950991684132,
      0.7710144278708468,
      0.7368932788291674,
      0.7650650324446432,
      0.8350593266862162,
      0.8976179187217456,
      0.9399604797363281,
      0.9656726108508163,
      0.9805507016985604,
      0.9889788681201721,
      0.9937169685792387,
      0.9963807523920295,
      0.9978857897640614,
      0.9987435501612975,
      0.9992382928226771,
      0.9995279633597042,
      0.999700567695532
    ]
  },