{
  "t": [
    0.001,
    0.03221875,
    0.0634375,
    0.09465625,
    0.125875,
    0.15709375,
    0.1883125,
    0.21953125,
    0.25075,
    0.28196875,
    0.3131875,
    0.34440625,
    0.375625,
    0.40684375,
    0.4380625,
    0.46928125,
    0.5005,
    0.53171875,
    0.5629375,
    0.59415625,
    0.625375,
    0.65659375,
    0.6878125,
    0.71903125,
    0.75025,
    0.78146875,
    0.8126875,
    0.84390625,
    0.875125,
    0.90634375,
    0.9375625,
    0.96878125,
    1.0
  ],
  "curves": {
    "5K": [
      4.077774024204863e-06,
      1.640055231976302e-06,
      9.945051306714775e-07,
      1.0449605142230723e-06,
      1.2935260702362755e-06,
      1.4586775955904976e-06,
      1.1729060930887949e-06,
      1.1561020339408815e-06,
      1.2278622082530082e-06,
      1.1920199724270052e-06,
      1.3021527398920493e-06,
      1.7939870774038292e-06,
      2.842212912644223e-06,
      4.670862928036145e-06,
      5.653562234993239e-06,
      3.8421517080238894e-05,
      0.00023690983640805693,
      0.0003323103317577559,
      0.0008498163822040307,
      0.001687905771116297,
      0.0020501486027712694,
      0.0043578703699403264,
      0.011207376931155666,
      0.029019969232966392,
      0.08625149191095588,
      0.1791333348563548,
      0.2422619294584467,
      0.2700148191344872,
      0.27809196643615036,
      0.2824421384361353,
      0.2835094741221224,
      0.2839423967211434,
      0.28464461712355027
    ],
    "10K": [
      1.7702260173679319e-06,
      1.3374769009664142e-06,
      1.9882161447302873e-07,
      1.7580016268194218e-07,
      1.6245816026271773e-07,
      1.5933973413615442e-07,
      1.55750332820655e-07,
      1.4977525409173385e-07,
      1.4712773034343524e-07,
      1.3871449175823135e-07,
      1.3373354438831636e-07,
      1.2866879321305797e-07,
      1.441439311481977e-07,
      2.1752995625514344e-07,
      3.280623099619354e-07,
      1.6973749412050545e-06,
      1.0266074514731187e-05,
      9.556734414800712e-05,
      0.00039240133858921386,
      0.001777737685065557,
      0.002396941190291022,
      0.0015353958760897513,
      0.004207599881952733,
      0.005650747358129265,
      0.010497207638252987,
      0.05030500821852952,
      0.1292604703581735,
      0.20590157321329866,
      0.23347463768519713,
      0.2411109677861246,
      0.2421165101983574,
      0.24284018559402296,
      0.2436647013332067
    ],
    "15K": [
      4.776733977052388e-07,
      3.966484665612329e-07,
      1.4733726508505273e-08,
      3.495074891175085e-09,
      2.637002686124821e-09,
      2.3963238285070955e-09,
      2.1661093592963503e-09,
      2.4381811526057623e-09,
      3.024181893671197e-09,
      3.453218076032591e-09,
      3.9555043086141505e-09,
      4.91821965924879e-09,
      4.677540631979007e-09,
      8.748126358147161e-09,
      3.875795369040542e-08,
      6.866379165623248e-07,
      1.8132712330793892e-06,
      1.8696609899832578e-06,
      0.0008699096328088928,
      0.003394132256156428,
      0.003221169811720838,
      0.003478540680599723,
      0.0026003176359828623,
      0.0043405521702900365,
      0.010172514265842652,
      0.03839777493744754,
      0.16173605168803354,
      0.21831884143057834,
      0.23367374666621177,
      0.24104133080900386,
      0.24191692973790543,
      0.24225368392601443,
      0.24343761433376354
    ],
    "20K": [
      4.2426393959564e-07,
      2.254321265191015e-07,
      9.564367076109193e-09,
      2.741645851668263e-09,
      2.333538326366436e-09,
      2.5951456514326056e-09,
      2.511431262703124e-09,
      2.563752595986525e-09,
      2.7521099905869236e-09,
      2.940467445064519e-09,
      3.5892537780864075e-09,
      4.782183617890859e-09,
      6.111147463228549e-09,
      8.245858188519981e-09,
      5.65500956424095e-08,
      2.7633031423566685e-05,
      0.00011967955484106062,
      2.4956087466886242e-05,
      0.0005380447618044151,
      0.0018454867141792012,
      0.0019763446051971195,
      0.003834193052130155,
      0.002771640865708076,
      0.003347537435903188,
      0.003926378502471247,
      0.00909993490936716,
      0.05052916755837001,
      0.14551511239469722,
      0.22218758336613686,
      0.2522209547878651,
      0.2583774770243784,
      0.26076882608820884,
      0.26064238387547184
    ]
  },
  "norms": {
    "5K": [
      0.6914481420195504,
      0.677521416310514,
      0.685910123117854,
      0.7041653247361772,
      0.725051504842351,
      0.7441463899076655,
      0.7600696649444237,
      0.7730389927210433,
      0.7816967267668649,
      0.7842175022939618,
      0.7812943083516667,
      0.7737629386816132,
      0.760895525471548,
      0.746690985861789,
      0.7399608312028177,
      0.7522327980298674,
      0.7903285294436337,
      0.8427032727873727,
      0.8909046301681004,
      0.9275030929051088,
      0.9528852848524458,
      0.9697028385119492,
      0.9805889451101925,
      0.987557218315896,
      0.9919987046316768,
      0.9948293707343969,
      0.996637901563323,
      0.9977983196129959,
      0.9985469968131419,
      0.9990331885519992,
      0.9993511478552658,
      0.9995607204651564,
      0.9996999997771188
    ],
    "10K": [
      0.7108076020572962,
      0.6971814766358794,
      0.7059466329853187,
      0.7255431936028298,
      0.7494504585694731,
      0.7732740573668748,
      0.7944981542865882,
      0.8135309433669187,
      0.8318894632746664,
      0.8482039483745446,
      0.8586242332887114,
      0.8604447332660804,
      0.8539248262898306,
      0.8422676472181685,
      0.8252053957306937,
      0.7969010921006792,
      0.7619231577669636,
      0.7443689389175243,
      0.7714916293540698,
      0.8323358578628368,
      0.8906542853023229,
      0.9326869557412822,
      0.9596750066521462,
      0.9761095689923576,
      0.9858750332607312,
      0.9916196244486263,
      0.9949919025549728,
      0.9969770560103856,
      0.9981527757108881,
      0.9988551514872005,
      0.999279279387399,
      0.999538700232345,
      0.999699592590332
    ],
    "15K": [
      0.7106106093760287,
      0.6973440995377101,
      0.7068653428152706,
      0.7277665727593926,
      0.7532233334659191,
      0.7785033536760995,
      0.8011063672183605,
      0.8216323745384645,
      0.842237504680505,
      0.8625101775265811,
      0.8787978740220659,
      0.8875314305337627,
      0.8866299297032731,
      0.8761063264996818,
      0.8591460324405285,
      0.8373176381829079,
      0.803225924459736,
      0.7587128864245468,
      0.7387816611300694,
      0.7803415984250186,
      0.8496636594279429,
      0.9071425855829475,
      0.9453261193264736,
      0.9684821675332744,
      0.9819580463880904,
      0.9896605095166838,
      0.9940365244833271,
      0.9965247357829233,
      0.9979470499445883,
      0.9987672527184647,
      0.9992457293392567,
      0.9995289598957876,
      0.9996994425741474
    ],
    "20K": [
      0.7089837267157737,
      0.6934987186046129,
      0.7018340250079551,
      0.7234330980965261,
      0.7500081651666192,
      0.7762434348631441,
      0.800270487753193,
      0.8233690904767326,
      0.847118238384804,
      0.8698012319843421,
      0.8877959197826599,
      0.8981735036614236,
      0.8990146122621686,
      0.8895586635289567,
      0.8715537103374352,
      0.8487384024630772,
      0.8169358821397417,
      0.7709902324033587,
      0.7365482201736965,
      0.7644915098554632,
      0.8345683772912186,
      0.897278496388639,
      0.9397465673725257,
      0.965543843387218,
      0.9804748899481269,
      0.9889346133457141,
      0.9936911765109288,
      0.9963656329037098,
      0.997876885231961,
      0.9987382567330693,
      0.9992350889055917,
      0.9995260024338626,
      0.9996993782814969
    ]
  },