{
  "t": [
    0.001,
    0.03221875,
    0.0634375,
    0.09465625,
    0.125875,
    0.15709375,
    0.1883125,
    0.21953125,
    0.25075,
    0.28196875,
    0.3131875,
    0.34440625,
    0.375625,
    0.40684375,
    0.4380625,
    0.46928125,
    0.5005,
    0.53171875,
    0.5629375,
    0.59415625,
    0.625375,
    0.65659375,
    0.6878125,
    0.71903125,
    0.75025,
    0.78146875,
    0.8126875,
    0.84390625,
    0.875125,
    0.90634375,
    0.9375625,
    0.96878125,
    1.0
  ],
  "curves": {
    "5K": [
      4.110931871090022e-06,
      1.815818332749147e-06,
      9.918366732164757e-07,
      1.0341624515144197e-06,
      1.2349680494817937e-06,
      1.3765754650531368e-06,
      1.2087544807778367e-06,
      1.2630935191154596e-06,
      1.4411629042902104e-06,
      1.428124306493261e-06,
      1.4556468526729425e-06,
      1.7614645074583392e-06,
      2.323687276453057e-06,
      5.119513465860712e-06,
      7.031627339958423e-06,
      2.102908600524612e-05,
      6.374772237904835e-05,
      7.709809937439153e-05,
      0.00018119439409111806,
      0.0009494955720788056,
      0.0016736354220402165,
      0.0036599457295339428,
      0.007922739784620452,
      0.02383097621162286,
      0.0839494995856553,
      0.17557846562246257,
      0.24408410908131117,
      0.27179343245002663,
      0.2791267137848929,
      0.2817562778344315,
      0.28300882993119486,
      0.2833973638127359,
      0.28425683600179263
    ],
    "10K": [
      1.768740025653734e-06,
      1.331711174633087e-06,
      1.9883208132638032e-07,
      1.7574784246636647e-07,
      1.593712164485419e-07,
      1.5631558888732768e-07,
      1.491057037639437e-07,
      1.447420657038155e-07,
      1.395727430759364e-07,
      1.3191290460955325e-07,
      1.2713072270814204e-07,
      1.2189857341254947e-07,
      1.2339489657779778e-07,
      1.5915944214009032e-07,
      7.511297096417376e-07,
      1.7033222742141468e-05,
      8.965161829222411e-05,
      0.00015841222678579032,
      0.00018941576634338316,
      0.0003995030703223942,
      0.0004384469311333489,
      0.0013370386613735647,
      0.002424821077082097,
      0.003231726707158129,
      0.008290618783637379,
      0.05165087975812762,
      0.13503179121553227,
      0.21080690287472156,
      0.23582989178346783,
      0.2398313672355052,
      0.24112005983845572,
      0.24259313036886493,
      0.24270842048559296
    ],
    "15K": [
      4.800173801515811e-07,
      3.973809674626159e-07,
      1.5215083125992115e-08,
      3.4113605822818664e-09,
      2.5428237592953673e-09,
      2.4800378779324614e-09,
      2.092859209280857e-09,
      2.3440022257763087e-09,
      3.1916106511710935e-09,
      3.6311108926148858e-09,
      3.955504268696019e-09,
      5.064719600016595e-09,
      4.238040370576149e-09,
      5.148433310137846e-09,
      8.740763180054947e-06,
      2.202925193951875e-06,
      1.8555012866208723e-06,
      2.337989543782566e-05,
      0.00015229944775353455,
      0.0013539283902966718,
      0.0016384532899679839,
      0.0018253768457827718,
      0.0018083371408087504,
      0.00457297797116001,
      0.009444989347725773,
      0.03449029617764977,
      0.1552164541201645,
      0.21420688575573182,
      0.2372670066490602,
      0.2409312885798765,
      0.24201462509926785,
      0.24291616075494316,
      0.2437409604533335
    ],
    "20K": [
      4.306157330738438e-07,
      2.2820515542672398e-07,
      1.0213153349253885e-08,
      2.678860119998349e-09,
      2.2393596590048353e-09,
      2.364931222139991e-09,
      2.2498238977188236e-09,
      2.427716873973643e-09,
      2.5846813528414202e-09,
      2.846288777702918e-09,
      3.4008966030357308e-09,
      4.834504991092391e-09,
      5.389112297489498e-09,
      8.601640987497254e-09,
      4.1228768470147585e-07,
      1.668009686028746e-07,
      4.7312691408619225e-07,
      3.5587332679622146e-06,
      1.0162382432295146e-06,
      0.0003597941734597223,
      0.0008111710535105344,
      0.0017473079426195818,
      0.001997176328811466,
      0.0020557925938314687,
      0.0024119940699369835,
      0.008784960097308909,
      0.05921037068192878,
      0.1604744048600786,
      0.23448734470967497,
      0.2554026935877425,
      0.26146943649549165,
      0.2636641893493995,
      0.264157705092698
    ]
  },
  "norms": {
    "5K": [
      0.6914483670438274,
      0.6775372430179896,
      0.6859509703818332,
      0.7042392827151867,
      0.7251580163334193,
      0.7442746966072683,
      0.7602060832334369,
      0.77317012829727,
      0.7818137929680642,
      0.7843197490392106,
      0.7813840823227101,
      0.7738388790173477,
      0.7609673939394147,
      0.7468011834648218,
      0.7401781296462155,
      0.7525605941086673,
      0.7907078453664029,
      0.8430571823977353,
      0.8911822672640339,
      0.9277016714717565,
      0.953020331564914,
      0.9697922052962057,
      0.9806472585442361,
      0.9875951724106007,
      0.9920234573021364,
      0.9948455617668923,
      0.9966485848587551,
      0.9978054453817646,
      0.9985518080464909,
      0.9990364460462935,
      0.9993534195289183,
      0.9995623277814201,
      0.9997011463293869
    ],
    "10K": [
      0.7108081003253379,
      0.6972066525662883,
      0.7059951364324334,
      0.7256177730774611,
      0.7495557163538558,
      0.7734033391716775,
      0.7946393730935086,
      0.813671947865004,
      0.832018841518445,
      0.8483136316363731,
      0.8587112212448977,
      0.8605108582571651,
      0.8539770640683978,
      0.8423110769036111,
      0.8252303305636631,
      0.7969091501128808,
      0.761979853169302,
      0.744608943382006,
      0.7718913153316198,
      0.8327159774437379,
      0.890935340624177,
      0.9328730401028408,
      0.9597914835040489,
      0.9761804409241408,
      0.9859177878733432,
      0.9916453950860528,
      0.9950075470999385,
      0.9969866677616419,
      0.9981588085045975,
      0.9988589768999079,
      0.9992817868007703,
      0.9995403075486087,
      0.9997007284271583
    ],
    "15K": [
      0.7106109415547232,
      0.6973640891943085,
      0.706905911477764,
      0.7278327084659191,
      0.7533197081490849,
      0.7786234309164326,
      0.8012385957696465,
      0.821765417463324,
      0.8423611501629433,
      0.8626170319117857,
      0.8788845405149995,
      0.8875972876388035,
      0.886676659744777,
      0.8761400479948922,
      0.8591751570112249,
      0.837333582760243,
      0.8032219168845187,
      0.7587547409400511,
      0.7390410926904571,
      0.7807530285267348,
      0.8500165403558967,
      0.9073862332976266,
      0.9454790822575602,
      0.9685738167066252,
      0.9820118807674794,
      0.9896919807691252,
      0.9940549979049168,
      0.9965356762489576,
      0.9979536828030361,
      0.9987713353017743,
      0.9992483546224873,
      0.9995306529355853,
      0.9997005569800902
    ],
    "20K": [
      0.7089841821220484,
      0.6935244892420394,
      0.7018872164608387,
      0.7235166678267918,
      0.7501211702153924,
      0.7763760598857751,
      0.8004109136174234,
      0.8235064731555038,
      0.8472434483217389,
      0.8699088364504697,
      0.8878838721286045,
      0.8982413002614225,
      0.8990628746118439,
      0.8895911420329233,
      0.8715795345520705,
      0.84875841890828,
      0.8169351749205858,
      0.7709990404964833,
      0.7367226354191813,
      0.7648769121491508,
      0.8349369027641382,
      0.8975413033131803,
      0.9399129031749254,
      0.9656433684102604,
      0.9805329033498014,
      0.9889682062556234,
      0.9937106893303689,
      0.9963770877109485,
      0.997883732399244,
      0.9987424571862381,
      0.999237724904264,
      0.9995277169045438,
      0.9997004819719979
    ]
  },
  "title": "Loss Geometry on Training Steps",