{
  "t": [
    0.001,
    0.03221875,
    0.0634375,
    0.09465625,
    0.125875,
    0.15709375,
    0.1883125,
    0.21953125,
    0.25075,
    0.28196875,
    0.3131875,
    0.34440625,
    0.375625,
    0.40684375,
    0.4380625,
    0.46928125,
    0.5005,
    0.53171875,
    0.5629375,
    0.59415625,
    0.625375,
    0.65659375,
    0.6878125,
    0.71903125,
    0.75025,
    0.78146875,
    0.8126875,
    0.84390625,
    0.875125,
    0.90634375,
    0.9375625,
    0.96878125,
    1.0
  ],
  "curves": {
    "5K": [
      0.03953411662951112,
      0.07366329617798328,
      0.117534214630723,
      0.1686957087367773,
      0.22119314596056938,
      0.277466444298625,
      0.34745508059859276,
      0.4394860565662384,
      0.5398557223379612,
      0.6532399877905846,
      0.7864342480897903,
      0.9233913794159889,
      1.0657686740159988,
      1.2246443927288055,
      1.409466028213501,
      1.6190690696239471,
      1.85088811814785,
      2.0993916392326355,
      2.364108622074127,
      2.647729516029358,
      2.9445548355579376,
      3.247925579547882,
      3.554053634405136,
      3.8565498292446136,
      4.160100519657135,
      4.461248815059662,
      4.751362860202789,
      5.022940456867218,
      5.266484022140503,
      5.492937088012695,
      5.701949834823608,
      5.844005525112152,
      5.931599140167236
    ],
    "20K": [
      0.04845554521307349,
      0.07964354008436203,
      0.11157288961112499,
      0.15146343037486076,
      0.19666599668562412,
      0.24169843085110188,
      0.2892582528293133,
      0.34264420345425606,
      0.4018263444304466,
      0.46712176501750946,
      0.5404221042990685,
      0.624121405184269,
      0.719159834086895,
      0.8256170451641083,
      0.9451330453157425,
      1.0804314240813255,
      1.2304133921861649,
      1.3942380994558334,
      1.5767609179019928,
      1.7823405414819717,
      2.014492243528366,
      2.281437784433365,
      2.5933161973953247,
      2.958162784576416,
      3.35373991727829,
      3.7671364843845367,
      4.183466970920563,
      4.6150237917900085,
      5.005000412464142,
      5.333484172821045,
      5.577123999595642,
      5.7618003487586975,
      5.929911673069
    ],
    "30K": [
      0.04837842332199216,
      0.09312212932854891,
      0.14301718585193157,
      0.20249583944678307,
      0.2732315622270107,
      0.35227054730057716,
      0.4241590052843094,
      0.5081662945449352,
      0.614638201892376,
      0.7430383190512657,
      0.8731604963541031,
      1.009790062904358,
      1.166946917772293,
      1.3577492833137512,
      1.580625668168068,
      1.819751799106598,
      2.072547987103462,
      2.349980264902115,
      2.6462131440639496,
      2.967248558998108,
      3.303230106830597,
      3.6319452822208405,
      3.938614398241043,
      4.217218339443207,
      4.488093197345734,
      4.744082272052765,
      4.984286844730377,
      5.209155797958374,
      5.405456066131592,
      5.580311834812164,
      5.727969288825989,
      5.859272241592407,
      5.929273009300232
    ]
  },
  "norms": {
    "5K": [
      1.0,
      1.0,
      1.0,
      1.0,
      1.0,
      1.0,
      1.0,
      1.0,
      1.0,
      1.0,
      1.0,
      1.0,
      1.0,
      1.0,
      1.0,
      1.0,
      1.0,
      1.0,
      1.0,
      1.0,
      1.0,
      1.0,
      1.0,
      1.0,
      1.0,
      1.0,
      1.0,
      1.0,
      1.0,
      1.0,
      1.0,
      1.0,
      1.0
    ],
    "20K": [
      1.0,
      1.0,
      1.0,
      1.0,
      1.0,
      1.0,
      1.0,
      1.0,
      1.0,
      1.0,
      1.0,
      1.0,
      1.0,
      1.0,
      1.0,
      1.0,
      1.0,
      1.0,
      1.0,
      1.0,
      1.0,
      1.0,
      1.0,
      1.0,
      1.0,
      1.0,
      1.0,
      1.0,
      1.0,
      1.0,
      1.0,
      1.0,
      1.0
    ],
    "30K": [
      1.0,
      1.0,
      1.0,
      1.0,
      1.0,
      1.0,
      1.0,
      1.0,
      1.0,
      1.0,
      1.0,
      1.0,
      1.0,
      1.0,
      1.0,
      1.0,
      1.0,
      1.0,
      1.0,
      1.0,
      1.0,
      1.0,
      1.0,
      1.0,
      1.0,
      1.0,
      1.0,
      1.0,
      1.0,
      1.0,
      1.0,
      1.0,
      1.0
    ]
  },
  "title": "Loss Geometry on Training Steps",
  "paths": [
    "/share/thickstun/sychou/workspace/research/s-flm/outputs/adv_geo_tinystories_s256/sfm_ada_trunc_lr1e-3"
  ],
  "loaded_steps": [
    5000,
    20000,
    30000
  ],
  "num_batches": 8,
  "batch_size": 16
}