{
  "t": [
    0.001,
    0.03221875,
    0.0634375,
    0.09465625,
    0.125875,
    0.15709375,
    0.1883125,
    0.21953125,
    0.25075,
    0.28196875,
    0.3131875,
    0.34440625,
    0.375625,
    0.40684375,
    0.4380625,
    0.46928125,
    0.5005,
    0.53171875,
    0.5629375,
    0.59415625,
    0.625375,
    0.65659375,
    0.6878125,
    0.71903125,
    0.75025,
    0.78146875,
    0.8126875,
    0.84390625,
    0.875125,
    0.90634375,
    0.9375625,
    0.96878125,
    1.0
  ],
  "curves": {
    "5K": [
      7.071771327328667e-08,
      6.915853406058028e-08,
      6.741099747323255e-08,
      6.600878082332365e-08,
      6.478445661077479e-08,
      6.398917055653482e-08,
      6.282763213553307e-08,
      6.249277521930524e-08,
      6.233580946305726e-08,
      6.262880854623024e-08,
      6.25137019004173e-08,
      6.24509135541098e-08,
      6.257648513720403e-08,
      6.319387875408394e-08,
      6.411473639141814e-08,
      6.527627161896939e-08,
      6.698195548278307e-08,
      6.861438606300795e-08,
      7.164903457052195e-08,
      7.6326577956852e-08,
      8.326440664542757e-08,
      9.412634538962725e-08,
      1.0886007780601594e-07,
      1.3348257239107462e-07,
      1.7667917653740373e-07,
      2.3798949687363674e-07,
      3.3703403705351705e-07,
      5.186627144150939e-07,
      9.446533859067784e-07,
      2.1145384135104065e-06,
      2.882762971004534e-05,
      0.045518752229347655,
      0.4118349418211519
    ],
    "10K": [
      1.200254625276746e-08,
      1.1154938705571563e-08,
      1.018175917610013e-08,
      9.355079906741552e-09,
      8.423757731307387e-09,
      7.921471478766762e-09,
      7.513364073219327e-09,
      7.199435514665085e-09,
      6.916899452703087e-09,
      6.60297073447632e-09,
      6.226255905357392e-09,
      6.2367202039485764e-09,
      5.943720042986049e-09,
      5.64025542375981e-09,
      5.483290865055771e-09,
      5.546076576766619e-09,
      5.3367906049429165e-09,
      5.127504792791738e-09,
      4.541504311194157e-09,
      3.945039730596046e-09,
      3.3695035076715194e-09,
      2.4067882368731416e-09,
      1.7580019138307855e-09,
      1.0568940379553066e-09,
      7.115721906834046e-10,
      4.0810757208088727e-10,
      3.1392890471928654e-10,
      5.54607769197941e-10,
      1.0516618806760878e-08,
      4.963215799894958e-08,
      5.954286658134458e-07,
      0.024047871235381352,
      0.3404938183473737
    ],
    "15K": [
      5.933247241832913e-09,
      5.4414273237081654e-09,
      4.583356376079035e-09,
      3.6415722971415572e-09,
      2.9195367521802593e-09,
      2.3126085515991944e-09,
      1.852179712973032e-09,
      1.5801083038756327e-09,
      1.2452510882618232e-09,
      9.103937079857224e-10,
      7.22036410685769e-10,
      5.755363401840378e-10,
      4.708933654991606e-10,
      3.9764330218085895e-10,
      2.511431456056572e-10,
      1.674287643608256e-10,
      1.3603587170587417e-10,
      9.417868170717917e-11,
      9.417868170717917e-11,
      6.278578718106531e-11,
      3.1392893278672254e-11,
      5.2321489837321756e-11,
      2.0928595934928703e-11,
      0.0,
      0.0,
      0.0,
      0.0,
      0.0,
      3.1392893902393054e-11,
      9.313224398917856e-10,
      7.648344663220485e-08,
      0.014012058213185729,
      0.3066939262861616
    ],
    "20K": [
      7.879153558911803e-07,
      6.428302982753389e-07,
      5.101369092546029e-07,
      4.40619334277175e-07,
      3.4709938937043407e-07,
      2.7129129428819367e-07,
      2.1952638398738855e-07,
      1.8509973834328918e-07,
      1.4433226297523506e-07,
      1.1476083983233253e-07,
      9.175006119149974e-08,
      7.360525420623939e-08,
      5.746960021476778e-08,
      4.3185962291890255e-08,
      3.68027593119703e-08,
      3.406098789782028e-08,
      3.862230740968075e-08,
      6.80163326210328e-08,
      1.7537073284692974e-07,
      2.725186007044899e-07,
      2.5946648686781733e-07,
      4.459914067619077e-07,
      5.153281934012279e-07,
      3.71755683914579e-08,
      4.060142524309321e-09,
      1.967287336780184e-09,
      1.4545372646659488e-09,
      1.5382517232521596e-09,
      1.9045021440050417e-09,
      4.677540831569663e-09,
      1.9350011243250774e-07,
      0.012406824889142862,
      0.29134985302271466
    ]
  },
  "norms": {
    "5K": [
      1.0,
      1.0,
      1.0,
      1.0,
      1.0,
      1.0,
      1.0,
      1.0,
      1.0,
      1.0,
      1.0,
      1.0,
      1.0,
      1.0,
      1.0,
      1.0,
      1.0,
      1.0,
      1.0,
      1.0,
      1.0,
      1.0,
      1.0,
      1.0,
      1.0,
      1.0,
      1.0,
      1.0,
      1.0,
      1.0,
      1.0,
      1.0,
      1.0
    ],
    "10K": [
      1.0,
      1.0,
      1.0,
      1.0,
      1.0,
      1.0,
      1.0,
      1.0,
      1.0,
      1.0,
      1.0,
      1.0,
      1.0,
      1.0,
      1.0,
      1.0,
      1.0,
      1.0,
      1.0,
      1.0,
      1.0,
      1.0,
      1.0,
      1.0,
      1.0,
      1.0,
      1.0,
      1.0,
      1.0,
      1.0,
      1.0,
      1.0,
      1.0
    ],
    "15K": [
      1.0,
      1.0,
      1.0,
      1.0,
      1.0,
      1.0,
      1.0,
      1.0,
      1.0,
      1.0,
      1.0,
      1.0,
      1.0,
      1.0,
      1.0,
      1.0,
      1.0,
      1.0,
      1.0,
      1.0,
      1.0,
      1.0,
      1.0,
      1.0,
      1.0,
      1.0,
      1.0,
      1.0,
      1.0,
      1.0,
      1.0,
      1.0,
      1.0
    ],
    "20K": [
      1.0,
      1.0,
      1.0,
      1.0,
      1.0,
      1.0,
      1.0,
      1.0,
      1.0,
      1.0,
      1.0,
      1.0,
      1.0,
      1.0,
      1.0,
      1.0,
      1.0,
      1.0,
      1.0,
      1.0,
      1.0,
      1.0,
      1.0,
      1.0,
      1.0,
      1.0,
      1.0,
      1.0,
      1.0,
      1.0,
      1.0,
      1.0,
      1.0
    ]
  },
  "title": "Loss Geometry on Training Steps",
  "paths": [
    "/share/thickstun/sychou/workspace/research/s-flm/outputs/hflm_curv_init_lr_sudoku/bl_d-hard_a-sfm_rs1"
  ],
  "loaded_steps": [
    5000,
    10000,
    15000,
    20000
  ],
  "num_batches": 8,
  "batch_size": 16
}