{
  "t": [
    0.001,
    0.03221875,
    0.0634375,
    0.09465625,
    0.125875,
    0.15709375,
    0.1883125,
    0.21953125,
    0.25075,
    0.28196875,
    0.3131875,
    0.34440625,
    0.375625,
    0.40684375,
    0.4380625,
    0.46928125,
    0.5005,
    0.53171875,
    0.5629375,
    0.59415625,
    0.625375,
    0.65659375,
    0.6878125,
    0.71903125,
    0.75025,
    0.78146875,
    0.8126875,
    0.84390625,
    0.875125,
    0.90634375,
    0.9375625,
    0.96878125,
    1.0
  ],
  "curves": {
    "5K": [
      7.106303576548588e-08,
      6.93573550951227e-08,
      6.784003243809095e-08,
      6.683545977333718e-08,
      6.551695687346764e-08,
      6.448099322901061e-08,
      6.323574041927938e-08,
      6.30159888714843e-08,
      6.279623796237931e-08,
      6.289041664969998e-08,
      6.247184406736247e-08,
      6.29427355878955e-08,
      6.314155789981813e-08,
      6.389498612100326e-08,
      6.498327253579641e-08,
      6.574716697164303e-08,
      6.787141511482291e-08,
      6.893877804195449e-08,
      7.198389148674978e-08,
      7.649400609562087e-08,
      8.387133596371631e-08,
      9.411588109103607e-08,
      1.0949840002007824e-07,
      1.342673947854135e-07,
      1.7770467779933987e-07,
      2.387219952202593e-07,
      3.385408832768457e-07,
      5.23455352950815e-07,
      9.472903278375076e-07,
      2.126885509200844e-06,
      0.00048079260731550205,
      0.05172131436594417,
      0.4135010751445642
    ],
    "10K": [
      1.2190903627408792e-08,
      1.1249117233219704e-08,
      1.0275938023093322e-08,
      9.407401240024954e-09,
      8.57025799142024e-09,
      7.931936096702996e-09,
      7.534292750237961e-09,
      7.241292709029826e-09,
      6.843649242810397e-09,
      6.404148941489408e-09,
      6.215791566848075e-09,
      6.236720084194183e-09,
      5.933255385131682e-09,
      5.818148419973696e-09,
      5.567005094112727e-09,
      5.577469392703912e-09,
      5.3786476396351315e-09,
      5.137968971628529e-09,
      4.84496877074787e-09,
      4.185718238930124e-09,
      3.202074510662835e-09,
      2.532359680253904e-09,
      1.9045020342301805e-09,
      1.2033940535696075e-09,
      7.952864409468682e-10,
      4.081074860074168e-10,
      3.348574900509616e-10,
      5.022862924587561e-10,
      9.553903336371844e-09,
      4.938101483276114e-08,
      4.418141456421274e-06,
      0.02299258204993237,
      0.34175767791405154
    ],
    "15K": [
      6.173924792131841e-09,
      5.587925547996328e-09,
      4.876353742772378e-09,
      3.924106243442602e-09,
      3.2229997347631173e-09,
      2.5951429170406166e-09,
      2.0405359200090267e-09,
      1.7893933825311496e-09,
      1.433607794274458e-09,
      1.1092149770471617e-09,
      8.371434906083832e-10,
      6.906435273866295e-10,
      5.546077405067842e-10,
      4.290361861037192e-10,
      3.243932245169789e-10,
      2.3021455216561173e-10,
      1.5696446764080288e-10,
      1.0464297780348112e-10,
      8.371438186855242e-11,
      7.325008390108806e-11,
      5.2321489837321756e-11,
      2.0928595934928703e-11,
      3.1392893278672254e-11,
      2.0928594687487102e-11,
      2.0928595934928703e-11,
      1.0464297967464351e-11,
      0.0,
      0.0,
      6.278578718106531e-11,
      8.999295690670622e-10,
      1.5367617075508258e-07,
      0.014639063162750073,
      0.30765315655911907
    ],
    "20K": [
      8.082639866965049e-07,
      6.338553228059109e-07,
      4.785221350952209e-07,
      3.969720141918678e-07,
      3.294394165105801e-07,
      2.6096429618509104e-07,
      2.1619846878554986e-07,
      1.775451151291471e-07,
      1.4083738779447046e-07,
      1.1597433186079286e-07,
      8.889361616342429e-08,
      7.24752408898618e-08,
      5.962519590672415e-08,
      4.750757965298822e-08,
      4.7360447808203166e-08,
      6.176518648347799e-08,
      8.442898107981757e-08,
      1.461594953132058e-07,
      1.2284656372302062e-07,
      6.560450028918025e-08,
      3.754386847851513e-08,
      2.1545448631191965e-08,
      1.0642129794131905e-08,
      1.0045533324028235e-08,
      2.25063120599648e-08,
      2.4067796295260967e-09,
      1.1615370039080925e-09,
      1.3498943685698924e-09,
      1.8103234367253094e-09,
      4.468254779909698e-09,
      1.8158002067241214e-07,
      0.013047273574250468,
      0.29439234733581543
    ]
  },
  "norms": {
    "5K": [
      1.0,
      1.0,
      1.0,
      1.0,
      1.0,
      1.0,
      1.0,
      1.0,
      1.0,
      1.0,
      1.0,
      1.0,
      1.0,
      1.0,
      1.0,
      1.0,
      1.0,
      1.0,
      1.0,
      1.0,
      1.0,
      1.0,
      1.0,
      1.0,
      1.0,
      1.0,
      1.0,
      1.0,
      1.0,
      1.0,
      1.0,
      1.0,
      1.0
    ],
    "10K": [
      1.0,
      1.0,
      1.0,
      1.0,
      1.0,
      1.0,
      1.0,
      1.0,
      1.0,
      1.0,
      1.0,
      1.0,
      1.0,
      1.0,
      1.0,
      1.0,
      1.0,
      1.0,
      1.0,
      1.0,
      1.0,
      1.0,
      1.0,
      1.0,
      1.0,
      1.0,
      1.0,
      1.0,
      1.0,
      1.0,
      1.0,
      1.0,
      1.0
    ],
    "15K": [
      1.0,
      1.0,
      1.0,
      1.0,
      1.0,
      1.0,
      1.0,
      1.0,
      1.0,
      1.0,
      1.0,
      1.0,
      1.0,
      1.0,
      1.0,
      1.0,
      1.0,
      1.0,
      1.0,
      1.0,
      1.0,
      1.0,
      1.0,
      1.0,
      1.0,
      1.0,
      1.0,
      1.0,
      1.0,
      1.0,
      1.0,
      1.0,
      1.0
    ],
    "20K": [
      1.0,
      1.0,
      1.0,
      1.0,
      1.0,
      1.0,
      1.0,
      1.0,
      1.0,
      1.0,
      1.0,
      1.0,
      1.0,
      1.0,
      1.0,
      1.0,
      1.0,
      1.0,
      1.0,
      1.0,
      1.0,
      1.0,
      1.0,
      1.0,
      1.0,
      1.0,
      1.0,
      1.0,
      1.0,
      1.0,
      1.0,
      1.0,
      1.0
    ]
  },
  "title": "Loss Geometry on Training Steps",
  "paths": [
    "/share/thickstun/sychou/workspace/research/s-flm/outputs/hflm_curv_init_lr_sudoku/bl_d-hard_a-sfm_rs1"
  ],
  "loaded_steps": [
    5000,
    10000,
    15000,
    20000
  ],
  "num_batches": 8,
  "batch_size": 16
}