{
  "t": [
    0.001,
    0.03221875,
    0.0634375,
    0.09465625,
    0.125875,
    0.15709375,
    0.1883125,
    0.21953125,
    0.25075,
    0.28196875,
    0.3131875,
    0.34440625,
    0.375625,
    0.40684375,
    0.4380625,
    0.46928125,
    0.5005,
    0.53171875,
    0.5629375,
    0.59415625,
    0.625375,
    0.65659375,
    0.6878125,
    0.71903125,
    0.75025,
    0.78146875,
    0.8126875,
    0.84390625,
    0.875125,
    0.90634375,
    0.9375625,
    0.96878125,
    1.0
  ],
  "curves": {
    "5K": [
      0.001692616266609548,
      0.0015985545010153146,
      0.0016546755223316723,
      0.0018484403963157092,
      0.002110986013576621,
      0.0024654104163346346,
      0.0029641357250511646,
      0.0037240317760733888,
      0.004760125419124961,
      0.006097964273067191,
      0.007728206866886467,
      0.00961729121627286,
      0.01193145290017128,
      0.014800321660004556,
      0.0184933157870546,
      0.023019435349851847,
      0.028872070484794676,
      0.0367878891993314,
      0.04788297554478049,
      0.06327080773189664,
      0.08497634809464216,
      0.11648463644087315,
      0.16270427592098713,
      0.23257478885352612,
      0.33872922137379646,
      0.5078962184488773,
      0.7921394109725952,
      1.2865628898143768,
      2.1681838929653168,
      3.530132919549942,
      4.929469108581543,
      5.708347678184509,
      5.934242784976959
    ],
    "20K": [
      0.0008622951753232688,
      0.0008763555166223791,
      0.0009039838831556568,
      0.0009209276609485062,
      0.0009342371370942293,
      0.000948032391760556,
      0.0009651199545711586,
      0.0009795745734744177,
      0.0010056459555640718,
      0.0010268077803172737,
      0.0010637921332179445,
      0.0011111149782401242,
      0.001170959314251263,
      0.0012333878890444794,
      0.0013279623069593072,
      0.0014510688345126255,
      0.0016374331839870138,
      0.0019272488007118227,
      0.00230671362078283,
      0.002792569612211082,
      0.003428211814025417,
      0.004419716657139361,
      0.005805760083603673,
      0.007532303512562066,
      0.009966298792278394,
      0.013642907259054482,
      0.019925240892916918,
      0.03202420589514077,
      0.0571801639162004,
      0.11593820340931416,
      0.2846001908183098,
      1.3659794479608536,
      5.92452210187912
    ],
    "30K": [
      0.0009639392246465449,
      0.0009733928017032732,
      0.0009901862676331384,
      0.0010140359779309237,
      0.0010363650555653622,
      0.001065395386804717,
      0.0010884601723317525,
      0.0011168678048900302,
      0.0011449324494176433,
      0.0011740973374203822,
      0.001207202693902787,
      0.001239946088274102,
      0.0012814910820891923,
      0.0013265234343056154,
      0.0013999828189747987,
      0.0015039564486389878,
      0.0016488105869250091,
      0.001828322036246277,
      0.002054067452633035,
      0.0022907510735876713,
      0.0025497546657788916,
      0.00288297491351841,
      0.0033009037979354616,
      0.004058051330503076,
      0.005305540355038829,
      0.006969311129068956,
      0.009558274992741644,
      0.014341207075631246,
      0.024522789288312197,
      0.049065344501286745,
      0.12429745495319366,
      0.48749736696481705,
      5.916904866695404
    ]
  },
  "norms": {
    "5K": [
      13.50722360610962,
      13.120140671730042,
      12.80054235458374,
      12.55101227760315,
      12.373373985290527,
      12.268756628036499,
      12.237509965896606,
      12.279147267341614,
      12.392319917678833,
      12.574851036071777,
      12.823817491531372,
      13.135673761367798,
      13.50641405582428,
      13.931738018989563,
      14.407214403152466,
      14.928425908088684,
      15.49108624458313,
      16.091125965118408,
      16.724749088287354,
      17.388466596603394,
      18.079102754592896,
      18.793804168701172,
      19.530007123947144,
      20.2854323387146,
      21.058056831359863,
      21.846089601516724,
      22.64794683456421,
      23.46222472190857,
      24.28769087791443,
      25.12324619293213,
      25.96792244911194,
      26.82086157798767,
      27.68130087852478
    ],
    "20K": [
      68.77873992919922,
      66.63915157318115,
      64.51470279693604,
      62.40668964385986,
      60.31654357910156,
      58.245863914489746,
      56.19643449783325,
      54.1702618598938,
      52.169583320617676,
      50.196938037872314,
      48.25517559051514,
      46.347551345825195,
      44.47774696350098,
      42.649964809417725,
      40.86901092529297,
      39.140398025512695,
      37.47044563293457,
      35.866432666778564,
      34.33670902252197,
      32.89085531234741,
      31.539797067642212,
      30.295897483825684,
      29.172980785369873,
      28.186198234558105,
      27.35170269012451,
      26.68602228164673,
      26.205098628997803,
      25.922969818115234,
      25.850255012512207,
      25.99272608757019,
      26.35033416748047,
      26.917020320892334,
      27.681390523910522
    ],
    "30K": [
      111.27212619781494,
      107.80341053009033,
      104.3447732925415,
      100.8971300125122,
      97.46144962310791,
      94.03887176513672,
      90.63066387176514,
      87.23829364776611,
      83.86337089538574,
      80.50778102874756,
      77.17364406585693,
      73.86344337463379,
      70.58002185821533,
      67.32669448852539,
      64.10734558105469,
      60.926536083221436,
      57.789682388305664,
      54.7032585144043,
      51.67504405975342,
      48.71447992324829,
      45.83312129974365,
      43.04517841339111,
      40.36832523345947,
      37.82459497451782,
      35.4415807723999,
      33.25375032424927,
      31.303778171539307,
      29.6432683467865,
      28.331830501556396,
      27.432838439941406,
      27.00415825843811,
      27.08463478088379,
      27.68154764175415
    ]
  },
  "title": "Loss Geometry on Training Steps",
  "paths": [
    "/share/thickstun/sychou/workspace/research/s-flm/outputs/naive_geo_tinystories_s256/eflm"
  ],
  "loaded_steps": [
    5000,
    20000,
    30000
  ],
  "num_batches": 8,
  "batch_size": 16
}