{
  "t": [
    0.001,
    0.03221875,
    0.0634375,
    0.09465625,
    0.125875,
    0.15709375,
    0.1883125,
    0.21953125,
    0.25075,
    0.28196875,
    0.3131875,
    0.34440625,
    0.375625,
    0.40684375,
    0.4380625,
    0.46928125,
    0.5005,
    0.53171875,
    0.5629375,
    0.59415625,
    0.625375,
    0.65659375,
    0.6878125,
    0.71903125,
    0.75025,
    0.78146875,
    0.8126875,
    0.84390625,
    0.875125,
    0.90634375,
    0.9375625,
    0.96878125,
    1.0
  ],
  "curves": {
    "5K": [
      1.959666957865532e-06,
      1.6910284858987029e-06,
      1.4379501398038013e-06,
      1.2514559212637793e-06,
      1.154472934768216e-06,
      1.1781431577433938e-06,
      1.2304122576730723e-06,
      1.3076385871142284e-06,
      1.3798731497751832e-06,
      1.455675230951446e-06,
      1.5609209563745331e-06,
      1.776303649288759e-06,
      2.444007815243781e-06,
      5.0081406074793215e-06,
      1.4944494671837082e-05,
      3.4344430940599816e-05,
      6.943740911001544e-05,
      0.00012093447843285963,
      0.00020178977420175543,
      0.0002992584852742429,
      0.0004604734400100221,
      0.0006979411433410328,
      0.0010813142558372727,
      0.0019312997285166776,
      0.0037806506341930184,
      0.00549999556996012,
      0.007709752035777221,
      0.01469177995504958,
      0.042994265141112084,
      0.13190665003958713,
      0.2431544828950689,
      0.2968698940920026,
      0.3066483535123675
    ],
    "10K": [
      3.9712005489266457e-08,
      2.914306646692985e-08,
      1.5947588498205774e-08,
      1.5665052436243774e-08,
      1.0757297275176825e-08,
      3.788075571073319e-09,
      5.577470510411586e-09,
      5.096112655462676e-09,
      4.928683917921845e-09,
      5.933256183494307e-09,
      8.16215098505412e-09,
      1.2829212029797684e-08,
      2.8975229726169796e-08,
      1.3493953340483213e-07,
      9.434583614428744e-07,
      5.287619695202032e-06,
      2.487963937617198e-05,
      7.900196755109095e-05,
      0.00017564979152104592,
      0.0002567638118385434,
      0.0003416249014094319,
      0.0004537120897512988,
      0.0006104387364507346,
      0.000817354133850836,
      0.0018500851688310086,
      0.0030967437981345345,
      0.004142823487813218,
      0.0059143356099892195,
      0.010432539361246516,
      0.03589861212151774,
      0.14429892047067708,
      0.2499263206224763,
      0.27537416608146065
    ],
    "15K": [
      1.4817444090685252e-08,
      9.16672412882547e-09,
      1.5068588174990713e-09,
      6.383221591748638e-10,
      5.022862812317816e-10,
      8.790009569153927e-10,
      6.697150374842368e-10,
      6.278576890604586e-10,
      2.469563248029939e-09,
      7.262108559945442e-09,
      1.029036209426924e-07,
      7.271231645902539e-06,
      7.230156088328547e-05,
      0.00018407301540037941,
      0.00033553882936580674,
      0.00036589273619717997,
      0.00042549502422652136,
      0.0004578133313279343,
      0.0004280382177618168,
      0.0003566239580121924,
      0.00045035397861709384,
      0.0005536200395320729,
      0.0006970706568746833,
      0.000812667016132028,
      0.0016417005452526252,
      0.0029052842324704268,
      0.0035191276372316177,
      0.004055874987264697,
      0.006020101854640446,
      0.018003079161215366,
      0.09899958064047139,
      0.22342218977681708,
      0.26025966847880505
    ],
    "20K": [
      1.2243227904654371e-09,
      9.62715360614173e-10,
      1.2557157373840982e-10,
      0.0,
      2.0928595934928703e-11,
      8.276989377906638e-09,
      8.703028378115131e-08,
      7.731493057258153e-07,
      2.8061785777044506e-06,
      1.8608893245012772e-05,
      9.189231589409095e-05,
      0.00032286237048825047,
      0.0006485602453648736,
      0.0009063773137953425,
      0.001145904916718047,
      0.0013331737385109848,
      0.001289822413811607,
      0.0013437611530708507,
      0.001574424136280094,
      0.0018354102050102102,
      0.0019384104137083968,
      0.00189568554017587,
      0.0018577325199632387,
      0.002028914665377956,
      0.002899915582939899,
      0.004465952403110902,
      0.005447349762230107,
      0.006721237360426549,
      0.013280774184157339,
      0.0447655146041613,
      0.13046023015225872,
      0.218521084678307,
      0.2504556795184532
    ]
  },
  "norms": {
    "5K": [
      1.2837709148278398,
      1.261663769068343,
      1.2544823871569688,
      1.25371271840642,
      1.2569888147075525,
      1.2624695274267304,
      1.2681540585635753,
      1.2723806038331449,
      1.2739931813786538,
      1.2721285337812445,
      1.2660954186085904,
      1.2557073228814628,
      1.241845891716775,
      1.2267493344424816,
      1.2140943977270233,
      1.2094184146838243,
      1.220286701502425,
      1.2543654924028376,
      1.3138682654734408,
      1.3915752882368109,
      1.4759832017877128,
      1.5579938352777716,
      1.6325050954068645,
      1.6974187700935963,
      1.7524435922001185,
      1.7982421403520563,
      1.8358991172876251,
      1.8666144810365828,
      1.8915416846114599,
      1.911712775069676,
      1.9280134693960125,
      1.9411838617217674,
      1.951832439122575
    ],
    "10K": [
      1.3084308431389626,
      1.2900501744131023,
      1.2870847401994,
      1.291184993272417,
      1.3002487889836343,
      1.3128388329838099,
      1.32725416676382,
      1.3418160663561876,
      1.35498479778847,
      1.3651229236902815,
      1.3703148445386566,
      1.3686275803640988,
      1.3587302733003424,
      1.3405731715513078,
      1.3158823934833654,
      1.2882826622952237,
      1.2636724214875297,
      1.2518235431628282,
      1.2660327547051933,
      1.314737587832333,
      1.3915126671951807,
      1.4804792939946894,
      1.5682761374484286,
      1.6475857295347063,
      1.71559233076117,
      1.7720474500334664,
      1.8179537526677163,
      1.8547951344693645,
      1.8841248630137926,
      1.907369699370995,
      1.9257557901103846,
      1.940296966038393,
      1.9518111796861284
    ],
    "15K": [
      1.2871543691399392,
      1.2713632905081418,
      1.2728079035041038,
      1.2820367813110352,
      1.2958585010485704,
      1.3129158341482785,
      1.3323159914338187,
      1.3528639868404089,
      1.3727174180277277,
      1.389466832193096,
      1.4005244715829914,
      1.4035877484953805,
      1.397056879622213,
      1.3804753549982993,
      1.3550194729579967,
      1.3237957686520694,
      1.2920018849747905,
      1.2683675208788239,
      1.267111038893796,
      1.302072214276603,
      1.3718798883845298,
      1.4601610590902607,
      1.5506021735373507,
      1.6336354673578497,
      1.7052712601222348,
      1.7647823590910836,
      1.8130600318480075,
      1.8516430158293649,
      1.8821991909755749,
      1.9062763171249562,
      1.9252070309071059,
      1.9400896008095045,
      1.9518064005991047
    ],
    "20K": [
      1.2683966347340787,
      1.2545082649488128,
      1.2602332897400588,
      1.273758052440172,
      1.2908616762482719,
      1.3106162360544955,
      1.3326295252596394,
      1.3558239454633734,
      1.3781304305858826,
      1.396896694483382,
      1.4094718118731895,
      1.41361732697219,
      1.4078078323535705,
      1.391599269395464,
      1.366102293636022,
      1.3343042523673412,
      1.3012077781591522,
      1.2751852421278365,
      1.2702817381098028,
      1.3013498970631803,
      1.3686951733707042,
      1.456252194522472,
      1.547003692455506,
      1.630744634049662,
      1.7031355654255729,
      1.7632993205209797,
      1.8120835550715415,
      1.8510335643639726,
      1.8818416166841314,
      1.906083374880673,
      1.9251161425301198,
      1.9400579902563202,
      1.9518057791034826
    ]
  },
  "title": "Loss Geometry on Training Steps",