{
  "t": [
    0.001,
    0.03221875,
    0.0634375,
    0.09465625,
    0.125875,
    0.15709375,
    0.1883125,
    0.21953125,
    0.25075,
    0.28196875,
    0.3131875,
    0.34440625,
    0.375625,
    0.40684375,
    0.4380625,
    0.46928125,
    0.5005,
    0.53171875,
    0.5629375,
    0.59415625,
    0.625375,
    0.65659375,
    0.6878125,
    0.71903125,
    0.75025,
    0.78146875,
    0.8126875,
    0.84390625,
    0.875125,
    0.90634375,
    0.9375625,
    0.96878125,
    1.0
  ],
  "curves": {
    "5K": [
      0.0,
      0.0,
      0.0,
      0.0,
      0.0,
      0.0,
      0.0,
      0.0,
      0.0,
      0.0,
      0.0,
      4.692969875555453e-10,
      4.809298864661901e-07,
      6.065319211323583e-05,
      0.0005635584602714516,
      0.0020445520931389183,
      0.00601506803650409,
      0.016230633831582963,
      0.03785475599579513,
      0.07622857065871358,
      0.1382103618234396,
      0.22939675860106945,
      0.35635343939065933,
      0.5275253988802433,
      0.770727351307869,
      1.149977907538414,
      1.7888769209384918,
      2.8487548232078552,
      4.226952016353607,
      5.3012531995773315,
      5.746135234832764,
      5.907312512397766,
      5.935881197452545
    ],
    "20K": [
      0.5027917176485062,
      0.7131119966506958,
      0.8024542182683945,
      0.8834597170352936,
      0.9762484282255173,
      1.0815278217196465,
      1.1921416372060776,
      1.3131697624921799,
      1.4455798119306564,
      1.5880173295736313,
      1.736953929066658,
      1.9094631969928741,
      2.1047299206256866,
      2.3222066462039948,
      2.5590506196022034,
      2.8026868104934692,
      3.0581227838993073,
      3.3251242339611053,
      3.6100625097751617,
      3.8685688972473145,
      4.14776885509491,
      4.4296886920928955,
      4.67184990644455,
      4.88431316614151,
      5.0933749079704285,
      5.293998539447784,
      5.436911702156067,
      5.547748565673828,
      5.653428733348846,
      5.741130471229553,
      5.820432245731354,
      5.886908829212189,
      5.93030059337616
    ],
    "30K": [
      0.5605921968817711,
      0.7364538013935089,
      0.8184369504451752,
      0.8982331082224846,
      0.9870011433959007,
      1.0832050889730453,
      1.1951338946819305,
      1.31503464281559,
      1.4465385526418686,
      1.5867667496204376,
      1.7434434294700623,
      1.914301574230194,
      2.1018578559160233,
      2.327775150537491,
      2.56944739818573,
      2.8193333446979523,
      3.066585212945938,
      3.3321928083896637,
      3.604922741651535,
      3.8653592467308044,
      4.137904465198517,
      4.418609023094177,
      4.668378293514252,
      4.896992206573486,
      5.0948010087013245,
      5.29410445690155,
      5.447729110717773,
      5.557857096195221,
      5.656204998493195,
      5.742257654666901,
      5.820978403091431,
      5.88658481836319,
      5.929611921310425
    ]
  },
  "norms": {
    "5K": [
      79.09728527069092,
      68.4765453338623,
      61.88264083862305,
      56.528199195861816,
      52.035390853881836,
      48.22395610809326,
      44.97562885284424,
      42.20191764831543,
      39.83252477645874,
      37.80984544754028,
      36.08578681945801,
      34.61963129043579,
      33.376564025878906,
      32.32653284072876,
      31.443427324295044,
      30.704434633255005,
      30.089555978775024,
      29.581228971481323,
      29.164029598236084,
      28.82443332672119,
      28.5506010055542,
      28.332202196121216,
      28.1602463722229,
      28.026943922042847,
      27.925549268722534,
      27.850250244140625,
      27.796037197113037,
      27.758599758148193,
      27.73422646522522,
      27.719709634780884,
      27.71226716041565,
      27.709444284439087,
      27.709006309509277
    ],
    "20K": [
      28.461429119110107,
      28.018837690353394,
      27.942970752716064,
      27.900407075881958,
      27.871258974075317,
      27.849348306655884,
      27.83195400238037,
      27.817639112472534,
      27.805552005767822,
      27.795152187347412,
      27.78607439994812,
      27.778055667877197,
      27.77090859413147,
      27.76448965072632,
      27.758686065673828,
      27.75341558456421,
      27.74860644340515,
      27.744202852249146,
      27.7401602268219,
      27.73643922805786,
      27.733009576797485,
      27.729847192764282,
      27.72692608833313,
      27.724233150482178,
      27.721747398376465,
      27.71946358680725,
      27.71736764907837,
      27.715458869934082,
      27.71372938156128,
      27.712188005447388,
      27.71084713935852,
      27.709736347198486,
      27.70900583267212
    ],
    "30K": [
      28.40595817565918,
      27.998519897460938,
      27.928265810012817,
      27.88875412940979,
      27.861645936965942,
      27.841235637664795,
      27.82500910758972,
      27.811636686325073,
      27.800333738327026,
      27.790595769882202,
      27.782084465026855,
      27.774559020996094,
      27.76784110069275,
      27.761802673339844,
      27.756335735321045,
      27.751365900039673,
      27.746824741363525,
      27.742661714553833,
      27.738834142684937,
      27.735306978225708,
      27.73205327987671,
      27.729045867919922,
      27.72626543045044,
      27.72369694709778,
      27.721322774887085,
      27.71913456916809,
      27.71712565422058,
      27.715287446975708,
      27.71362066268921,
      27.712129592895508,
      27.710821628570557,
      27.709733247756958,
      27.7090060710907
    ]
  },
  "dists": {
    "5K": [
      7.739909529685974,
      22.44758176803589,
      30.514459371566772,
      37.02000045776367,
      42.541378021240234,
      47.32413339614868,
      51.51485347747803,
      55.21583795547485,
      58.50428771972656,
      61.440929889678955,
      64.07473659515381,
      66.44582557678223,
      68.58741855621338,
      70.52728271484375,
      72.28877449035645,
      73.89166736602783,
      75.35277938842773,
      76.68647480010986,
      77.90505886077881,
      79.01910305023193,
      80.03769874572754,
      80.96865367889404,
      81.81866455078125,
      82.59342956542969,
      83.2977237701416,
      83.93547630310059,
      84.50973415374756,
      85.02264022827148,
      85.47521114349365,
      85.86696910858154,
      86.19492816925049,
      86.4506483078003,
      86.60046100616455
    ],
    "20K": [
      303.4325942993164,
      305.51498794555664,
      305.9986877441406,
      306.3043975830078,
      306.53356170654297,
      306.7195587158203,
      306.87768936157227,
      307.0163803100586,
      307.14068603515625,
      307.2539863586426,
      307.3585739135742,
      307.45616912841797,
      307.548038482666,
      307.63515853881836,
      307.7183418273926,
      307.7982063293457,
      307.8753089904785,
      307.9501190185547,
      308.0230369567871,
      308.09442138671875,
      308.16463470458984,
      308.2340202331543,
      308.3028793334961,
      308.37162017822266,
      308.44060134887695,
      308.51026916503906,
      308.58120346069336,
      308.6541442871094,
      308.7301445007324,
      308.81092071533203,
      308.8995475769043,
      309.0036087036133,
      309.1823959350586
    ],