{
  "t": [
    0.001,
    0.03221875,
    0.0634375,
    0.09465625,
    0.125875,
    0.15709375,
    0.1883125,
    0.21953125,
    0.25075,
    0.28196875,
    0.3131875,
    0.34440625,
    0.375625,
    0.40684375,
    0.4380625,
    0.46928125,
    0.5005,
    0.53171875,
    0.5629375,
    0.59415625,
    0.625375,
    0.65659375,
    0.6878125,
    0.71903125,
    0.75025,
    0.78146875,
    0.8126875,
    0.84390625,
    0.875125,
    0.90634375,
    0.9375625,
    0.96878125,
    1.0
  ],
  "curves": {
    "5K": [
      0.0,
      0.0,
      0.0,
      0.0,
      0.0,
      0.0,
      0.0,
      0.0,
      0.0,
      0.0,
      0.0,
      7.275954231472648e-11,
      9.6943736182728e-08,
      1.9271031209744383e-05,
      0.00038522860513978685,
      0.001824330289309728,
      0.006091040646424517,
      0.01610115892253816,
      0.03740898333489895,
      0.07674188306555152,
      0.14116727001965046,
      0.23711405135691166,
      0.36717647686600685,
      0.5358785390853882,
      0.7741581201553345,
      1.143025517463684,
      1.779851570725441,
      2.854237198829651,
      4.199369370937347,
      5.2867297530174255,
      5.747273862361908,
      5.907194793224335,
      5.936030805110931
    ],
    "20K": [
      0.5071176253259182,
      0.7169757261872292,
      0.8058880493044853,
      0.8875501900911331,
      0.9762663096189499,
      1.0690350607037544,
      1.1795205920934677,
      1.3003640472888947,
      1.428552970290184,
      1.5702856630086899,
      1.7260378003120422,
      1.8963025510311127,
      2.096904695034027,
      2.3071584701538086,
      2.5289822220802307,
      2.7661719620227814,
      3.0205682516098022,
      3.2815486788749695,
      3.542584180831909,
      3.800254464149475,
      4.067763388156891,
      4.37496954202652,
      4.645603120326996,
      4.891493737697601,
      5.114712297916412,
      5.2858052253723145,
      5.43851774930954,
      5.566589534282684,
      5.660660803318024,
      5.743501603603363,
      5.823176324367523,
      5.888677418231964,
      5.931169927120209
    ],
    "30K": [
      0.5644397735595703,
      0.7396215870976448,
      0.8190601915121078,
      0.8953915536403656,
      0.9808551892638206,
      1.08170785009861,
      1.1837895065546036,
      1.3016812205314636,
      1.428735226392746,
      1.5632637590169907,
      1.7140353173017502,
      1.8912565559148788,
      2.0974365770816803,
      2.3096145689487457,
      2.5342687368392944,
      2.7705822587013245,
      3.0276297330856323,
      3.293688803911209,
      3.5583333373069763,
      3.8273388147354126,
      4.112443923950195,
      4.385581195354462,
      4.65447872877121,
      4.880947649478912,
      5.109930396080017,
      5.302902638912201,
      5.451746702194214,
      5.566026329994202,
      5.6606684923172,
      5.743517577648163,
      5.823284387588501,
      5.8884387612342834,
      5.929886877536774
    ]
  },
  "norms": {
    "5K": [
      79.09740924835205,
      68.47617721557617,
      61.881826400756836,
      56.526968479156494,
      52.033780574798584,
      48.222002029418945,
      44.97336673736572,
      42.199382305145264,
      39.82974576950073,
      37.806851387023926,
      36.0825982093811,
      34.61627149581909,
      33.37304925918579,
      32.322880268096924,
      31.439648866653442,
      30.700541734695435,
      30.08555841445923,
      29.577136516571045,
      29.15984869003296,
      28.82017230987549,
      28.546266078948975,
      28.327799558639526,
      28.155782222747803,
      28.022422075271606,
      27.920976400375366,
      27.84563136100769,
      27.79137659072876,
      27.75390338897705,
      27.72949719429016,
      27.714951515197754,
      27.707486391067505,
      27.70464539527893,
      27.704196453094482
    ],
    "20K": [
      28.45706295967102,
      28.014323472976685,
      27.938419818878174,
      27.895833253860474,
      27.866666316986084,
      27.84474277496338,
      27.827335119247437,
      27.813008546829224,
      27.800912618637085,
      27.79050302505493,
      27.78141689300537,
      27.773391008377075,
      27.766236305236816,
      27.759808778762817,
      27.753999710083008,
      27.748722314834595,
      27.74390697479248,
      27.739497423171997,
      27.735449075698853,
      27.7317214012146,
      27.728286504745483,
      27.725117921829224,
      27.722191095352173,
      27.719491481781006,
      27.71700096130371,
      27.714710235595703,
      27.71260905265808,
      27.710693836212158,
      27.708959341049194,
      27.70741081237793,
      27.706060886383057,
      27.704942226409912,
      27.70419669151306
    ],
    "30K": [
      28.401580810546875,
      27.99400043487549,
      27.923710584640503,
      27.88417625427246,
      27.85705065727234,
      27.836626052856445,
      27.820387601852417,
      27.80700421333313,
      27.79569149017334,
      27.78594446182251,
      27.77742576599121,
      27.7698917388916,
      27.763166427612305,
      27.757121562957764,
      27.75164794921875,
      27.746671676635742,
      27.74212408065796,
      27.737955808639526,
      27.734121322631836,
      27.730589389801025,
      27.72732925415039,
      27.724315643310547,
      27.721529722213745,
      27.718955278396606,
      27.71657633781433,
      27.71438241004944,
      27.71236753463745,
      27.710522651672363,
      27.708849906921387,
      27.707351207733154,
      27.70603609085083,
      27.704938888549805,
      27.704195976257324
    ]
  },
  "title": "Loss Geometry on Training Steps",
  "paths": [
    "/share/thickstun/sychou/workspace/research/s-flm/outputs/adv_geo_tinystories_s256/lf_ada_sc_lr1e-3"
  ],
  "loaded_steps": [
    5000,
    20000,
    30000
  ],
  "num_batches": 8,
  "batch_size": 16
}