{
  "t": [
    0.001,
    0.03221875,
    0.0634375,
    0.09465625,
    0.125875,
    0.15709375,
    0.1883125,
    0.21953125,
    0.25075,
    0.28196875,
    0.3131875,
    0.34440625,
    0.375625,
    0.40684375,
    0.4380625,
    0.46928125,
    0.5005,
    0.53171875,
    0.5629375,
    0.59415625,
    0.625375,
    0.65659375,
    0.6878125,
    0.71903125,
    0.75025,
    0.78146875,
    0.8126875,
    0.84390625,
    0.875125,
    0.90634375,
    0.9375625,
    0.96878125,
    1.0
  ],
  "curves": {
    "5K": [
      0.0,
      0.0,
      0.0,
      0.0,
      0.0,
      0.0,
      0.0,
      0.0,
      0.0,
      0.0,
      0.0,
      3.63797765783741e-11,
      8.312836221767081e-08,
      3.589853367458318e-05,
      0.0004254950449080752,
      0.0019437484443187714,
      0.006178111769258976,
      0.017026922083459795,
      0.03900392004288733,
      0.07809069659560919,
      0.14071034733206034,
      0.23307105712592602,
      0.36026303470134735,
      0.5307827815413475,
      0.7691846713423729,
      1.1425783932209015,
      1.785708025097847,
      2.8402841985225677,
      4.21128237247467,
      5.243508398532867,
      5.731604635715485,
      5.90389347076416,
      5.934220373630524
    ],
    "20K": [
      0.5035779885947704,
      0.7120515778660774,
      0.8075057938694954,
      0.8950643017888069,
      0.9856123551726341,
      1.0797057151794434,
      1.1840178668498993,
      1.304101139307022,
      1.432393416762352,
      1.5731226950883865,
      1.7320043444633484,
      1.9245483428239822,
      2.1300459504127502,
      2.3507580757141113,
      2.582047164440155,
      2.8186051547527313,
      3.067746877670288,
      3.324913501739502,
      3.5931757390499115,
      3.8475272953510284,
      4.110274136066437,
      4.388184428215027,
      4.639904975891113,
      4.859783291816711,
      5.065845787525177,
      5.227447211742401,
      5.369339287281036,
      5.506195366382599,
      5.620611131191254,
      5.722855567932129,
      5.809727728366852,
      5.880999565124512,
      5.929094433784485
    ],
    "30K": [
      0.5590726658701897,
      0.7355344668030739,
      0.8233843222260475,
      0.9043332189321518,
      0.9903365448117256,
      1.0843125134706497,
      1.1886912137269974,
      1.3038908541202545,
      1.4328578412532806,
      1.5721358507871628,
      1.7416189312934875,
      1.92771977186203,
      2.1393551975488663,
      2.353958487510681,
      2.5857199132442474,
      2.8281034231185913,
      3.078064739704132,
      3.341936707496643,
      3.6058602035045624,
      3.8686739206314087,
      4.155991554260254,
      4.410261750221252,
      4.64685994386673,
      4.849177062511444,
      5.066502273082733,
      5.242844998836517,
      5.384845435619354,
      5.511099755764008,
      5.625207781791687,
      5.725089013576508,
      5.8100889921188354,
      5.880522549152374,
      5.929018974304199
    ]
  },
  "norms": {
    "5K": [
      79.09863948822021,
      68.4789981842041,
      61.8852276802063,
      56.530733585357666,
      52.03778028488159,
      48.22614622116089,
      44.977582931518555,
      42.203614234924316,
      39.833943367004395,
      37.81097412109375,
      36.086612701416016,
      34.620150566101074,
      33.376768589019775,
      32.32642316818237,
      31.443004608154297,
      30.70370125770569,
      30.0885169506073,
      29.579891204833984,
      29.16240382194519,
      28.8225314617157,
      28.548436403274536,
      28.329788208007812,
      28.157598972320557,
      28.024077653884888,
      27.92248296737671,
      27.846998691558838,
      27.792617559432983,
      27.755030155181885,
      27.730522632598877,
      27.71588945388794,
      27.708349227905273,
      27.705451250076294,
      27.704968214035034
    ],
    "20K": [
      28.459266662597656,
      28.016035318374634,
      27.940011739730835,
      27.897348880767822,
      27.868123769760132,
      27.846152544021606,
      27.828704833984375,
      27.814342975616455,
      27.802215099334717,
      27.79177713394165,
      27.78266429901123,
      27.774612426757812,
      27.767433881759644,
      27.760985612869263,
      27.75515389442444,
      27.749855518341064,
      27.745020151138306,
      27.740591764450073,
      27.73652410507202,
      27.73277759552002,
      27.72932457923889,
      27.72613787651062,
      27.723192930221558,
      27.720475435256958,
      27.71796727180481,
      27.71565818786621,
      27.713539361953735,
      27.711604118347168,
      27.70984935760498,
      27.708280086517334,
      27.706907749176025,
      27.705761432647705,
      27.704968452453613
    ],
    "30K": [
      28.403741359710693,
      27.99568462371826,
      27.92527937889099,
      27.885671377182007,
      27.858489274978638,
      27.838019371032715,
      27.821742057800293,
      27.808324337005615,
      27.7969810962677,
      27.787206649780273,
      27.778660774230957,
      27.771102905273438,
      27.764354944229126,
      27.75828766822815,
      27.75279402732849,
      27.747796773910522,
      27.743231296539307,
      27.739042282104492,
      27.735190391540527,
      27.731640338897705,
      27.728362560272217,
      27.72533106803894,
      27.72252869606018,
      27.71993660926819,
      27.7175395488739,
      27.715327501296997,
      27.713294506072998,
      27.711431741714478,
      27.709739208221436,
      27.708219528198242,
      27.70688247680664,
      27.705758094787598,
      27.704968452453613
    ]
  },
  "title": "Loss Geometry on Training Steps",
  "paths": [
    "/share/thickstun/sychou/workspace/research/s-flm/outputs/adv_geo_tinystories_s256/lf_ada_sc_lr1e-3"
  ],
  "loaded_steps": [
    5000,
    20000,
    30000
  ],
  "num_batches": 8,
  "batch_size": 16
}