{
  "t": [
    0.001,
    0.03221875,
    0.0634375,
    0.09465625,
    0.125875,
    0.15709375,
    0.1883125,
    0.21953125,
    0.25075,
    0.28196875,
    0.3131875,
    0.34440625,
    0.375625,
    0.40684375,
    0.4380625,
    0.46928125,
    0.5005,
    0.53171875,
    0.5629375,
    0.59415625,
    0.625375,
    0.65659375,
    0.6878125,
    0.71903125,
    0.75025,
    0.78146875,
    0.8126875,
    0.84390625,
    0.875125,
    0.90634375,
    0.9375625,
    0.96878125,
    1.0
  ],
  "curves": {
    "5K": [
      1.0604451111585865e-05,
      7.315055912575067e-06,
      3.355536433303038e-06,
      3.2989443619892504e-06,
      3.497691804103637e-06,
      5.954748640566792e-06,
      1.113640262681227e-05,
      1.414473637156293e-05,
      1.6895442109834927e-05,
      1.68492805733989e-05,
      2.010926058819371e-05,
      3.044493565907482e-05,
      4.537377316502101e-05,
      7.579417838263744e-05,
      0.00016436209454001032,
      0.0005215172035543751,
      0.0013194494747316068,
      0.0020783874271646813,
      0.003347801651512639,
      0.006644764538393931,
      0.01481626442309176,
      0.03770849075210228,
      0.12010137150796611,
      0.2320372040352125,
      0.28526352228743307,
      0.29971371607834035,
      0.3028766814242588,
      0.303580013553748,
      0.3036085246654039,
      0.30363826001628064,
      0.30358066719569515,
      0.30377816618158576,
      0.30472232518571146
    ],
    "10K": [
      8.512784159883564e-07,
      8.083330265415069e-07,
      8.601649482075577e-08,
      5.929070432123328e-08,
      5.276096028487036e-08,
      6.06718857127132e-08,
      6.517149642420693e-08,
      6.323559671400698e-08,
      5.776279665318153e-08,
      6.164493135677251e-08,
      7.312369145152291e-08,
      9.878815975487546e-08,
      2.40255053923964e-07,
      4.0311509907409795e-07,
      1.919362592856528e-07,
      1.4203442282287346e-06,
      3.669453138918675e-05,
      0.0002775782484750482,
      0.0003980947809750841,
      0.0003758236499543068,
      0.0011223678011447191,
      0.0016706264211555546,
      0.0029870069106998904,
      0.00725825960235147,
      0.0434155035554693,
      0.1582585091001532,
      0.25552964210510254,
      0.2702316782447729,
      0.27344242642434796,
      0.273325411121497,
      0.2736215189601598,
      0.27362901976938997,
      0.2740413981877016
    ],
    "15K": [
      1.1324460230977994e-07,
      1.0518710261360897e-07,
      1.537205207569059e-08,
      9.093474038687172e-09,
      8.790009539215329e-09,
      9.355081583303064e-09,
      1.0359653689203002e-08,
      1.1542118551808037e-08,
      1.1458399612411596e-08,
      1.1594413299616043e-08,
      1.2253656127234463e-08,
      1.5026651423790447e-08,
      1.9264580821961797e-08,
      3.1266572132869e-08,
      1.2642181629641702e-07,
      5.9924217396520474e-05,
      0.001041513875197792,
      0.0011166704707780552,
      0.0018537788253763154,
      0.0017439269533632683,
      0.0020520082799838123,
      0.002966886679275652,
      0.0044446960719448795,
      0.007444754828897755,
      0.04646919048234318,
      0.2147678043065446,
      0.30412842182630906,
      0.32592130243108514,
      0.3297688371679756,
      0.3305106430910946,
      0.3309346504425735,
      0.33086197027999364,
      0.33128591601768237
    ],
    "20K": [
      7.93716728796344e-08,
      6.906434707028832e-08,
      2.9718603807562054e-09,
      1.2975729055525652e-09,
      1.6115018233699885e-09,
      2.145180951725103e-09,
      2.647467244183859e-09,
      3.149753357011025e-09,
      3.6729681268977577e-09,
      3.4218249407502484e-09,
      4.551965296580451e-09,
      6.257635548311381e-09,
      1.255701556218493e-08,
      3.92892319227991e-08,
      7.870745625446239e-06,
      0.00010250534199173947,
      0.0003336169025197709,
      0.0023496362820272583,
      0.0030373059544385197,
      0.0037109513980633922,
      0.005441743718150197,
      0.007322086424833645,
      0.00957885862778077,
      0.01271315785438827,
      0.07534015379594954,
      0.3078267279635654,
      0.40937718112816973,
      0.4328048148851716,
      0.4372955895541759,
      0.4375192717220006,
      0.4372739899024535,
      0.4364055140634601,
      0.43631202451298745
    ]
  },
  "norms": {
    "5K": [
      0.6091120377015532,
      0.6024756753042843,
      0.616637562098128,
      0.634667096513041,
      0.6509325102473913,
      0.6659085295173559,
      0.6792008796434724,
      0.6875325267234546,
      0.6897746257567674,
      0.6888806953858794,
      0.6858900959572095,
      0.677106798364875,
      0.6633040235283669,
      0.6457184941581126,
      0.6259219994705715,
      0.6158065849475647,
      0.6347301515300622,
      0.6840598824318875,
      0.7335747922404429,
      0.7682316919391075,
      0.7893275571673104,
      0.8014167399888628,
      0.8081615319412746,
      0.8118837442290917,
      0.8139320866445477,
      0.8150611405961969,
      0.8156861830293463,
      0.8160344348864609,
      0.8162299595522077,
      0.8163408000817459,
      0.8164042783587167,
      0.8164411180474785,
      0.8164627203780613
    ],
    "10K": [
      0.6334288414944423,
      0.6196955830863352,
      0.6275069043877419,
      0.6448752585421788,
      0.6625726410512174,
      0.6791317221823703,
      0.6963515388831664,
      0.7128913429345978,
      0.7246726282526937,
      0.7295040709249089,
      0.7287993698977353,
      0.7280388092726804,
      0.729167713208145,
      0.724170470505618,
      0.707188386595651,
      0.6815320186400682,
      0.6483003155569013,
      0.6132732937844951,
      0.6188687635271737,
      0.6779690592476492,
      0.737072248137399,
      0.7746644716584281,
      0.795219453533044,
      0.8058095674836234,
      0.8111379066210115,
      0.8137979936063959,
      0.8151260225960378,
      0.8157921694637684,
      0.8161289343673191,
      0.8163010672237097,
      0.816390305422665,
      0.8164373247810964,
      0.8164626560854108
    ],
    "15K": [
      0.6407996509852034,
      0.6241680209556323,
      0.6280463840184587,
      0.6436628705999824,
      0.6613960641153743,
      0.678977778788363,
      0.6978291554397411,
      0.7164243205209796,
      0.7306187661846032,
      0.7378865359874254,
      0.7384752959347842,
      0.7365689009762881,
      0.7383964624297753,
      0.7402693823482214,
      0.7317296146007066,
      0.7070300284396397,
      0.6700740932078844,
      0.6266030140137404,
      0.600353589218654,
      0.6428482184249363,
      0.7124447554684756,
      0.7616100311279297,
      0.7890028257048531,
      0.8029940744464317,
      0.8098989336678152,
      0.8132643646068787,
      0.8149010626117835,
      0.8156997809249363,
      0.816092373280043,
      0.816287447897236,
      0.8163857513599182,
      0.8164361782288283,
      0.816462645369969
    ],
    "20K": [
      0.6473729047882423,
      0.6285902623380168,
      0.6287170206562857,
      0.6420277209764116,
      0.6592688721217467,
      0.6773246540112442,
      0.6970835374982169,
      0.7167296356029724,
      0.7320468559693755,
      0.7404289781377557,
      0.7417480275872048,
      0.7393786076749309,
      0.7401809263765142,
      0.7434400172715776,
      0.7384263049350696,
      0.7167149608054858,
      0.6781056704146139,
      0.631729897488369,
      0.5971935197208704,
      0.6311818240733629,
      0.703326123484065,
      0.7566614579618647,
      0.7866435533159235,
      0.8019325920705045,
      0.8094361337383141,
      0.8130670826086838,
      0.8148187251573198,
      0.8156662951694446,
      0.816079257579332,
      0.8162825938021199,
      0.8163841333282128,
      0.8164357924729251,
      0.8164626346545273
    ]
  },