{
  "t": [
    0.001,
    0.03221875,
    0.0634375,
    0.09465625,
    0.125875,
    0.15709375,
    0.1883125,
    0.21953125,
    0.25075,
    0.28196875,
    0.3131875,
    0.34440625,
    0.375625,
    0.40684375,
    0.4380625,
    0.46928125,
    0.5005,
    0.53171875,
    0.5629375,
    0.59415625,
    0.625375,
    0.65659375,
    0.6878125,
    0.71903125,
    0.75025,
    0.78146875,
    0.8126875,
    0.84390625,
    0.875125,
    0.90634375,
    0.9375625,
    0.96878125,
    1.0
  ],
  "curves": {
    "5K": [
      1.0619435660159111e-05,
      7.3802681951103415e-06,
      3.3500948754071226e-06,
      3.3091564546339214e-06,
      3.863960117679822e-06,
      7.098907077674534e-06,
      1.2207575279073476e-05,
      1.581038893337801e-05,
      1.8726810083719326e-05,
      1.9602795689709463e-05,
      2.462915376219846e-05,
      3.2873956023537545e-05,
      5.30376379133537e-05,
      0.00010198874633204652,
      0.00021406128511893604,
      0.0007682019020424204,
      0.0014862372795658794,
      0.00202125806120758,
      0.003391935798768582,
      0.006773681787962324,
      0.015214395573299922,
      0.03658663791217161,
      0.12033482214038292,
      0.2335731474201331,
      0.28706979751586914,
      0.3009966089484397,
      0.30392944410945594,
      0.30446651008691683,
      0.3046857507041331,
      0.304662305317568,
      0.30464982986450195,
      0.30508240689052624,
      0.3055842324589076
    ],
    "10K": [
      8.535073115882788e-07,
      8.163381638685555e-07,
      8.52839971128233e-08,
      6.014877680571046e-08,
      5.420501816189152e-08,
      6.393665617916882e-08,
      6.9210571975132e-08,
      6.434481491943301e-08,
      6.258662114908404e-08,
      7.943163566094146e-08,
      9.709141180424472e-08,
      1.3563339962274767e-07,
      2.8310118518113106e-07,
      7.359463802714253e-07,
      9.102690426240433e-07,
      1.4303625972245479e-06,
      0.00012901949249359012,
      0.0007780517724893471,
      0.0017778023828065742,
      0.002259802515040105,
      0.0009142240375971023,
      0.0020205832728749833,
      0.004426443028483498,
      0.005434337270896087,
      0.03750746739044618,
      0.15249692590049144,
      0.24935861116044977,
      0.27034630936183285,
      0.27297366067264855,
      0.27386855811215516,
      0.2739988819936688,
      0.27385427174943217,
      0.27411076192105754
    ],
    "15K": [
      1.1300392471956288e-07,
      1.0591960479237213e-07,
      1.6010374289752884e-08,
      9.124866934460728e-09,
      8.821402434988884e-09,
      9.365545881894249e-09,
      1.0317796734347049e-08,
      1.1521190194134454e-08,
      1.1154937508027625e-08,
      1.0893315513048232e-08,
      1.276639709801478e-08,
      1.6753181334091125e-08,
      2.1273594581308837e-08,
      4.6353123347155435e-08,
      3.3363745484202194e-07,
      9.69942661405067e-05,
      0.001284666060258955,
      0.0017050295483907606,
      0.0023224741284293116,
      0.002462308062982384,
      0.002821687045193204,
      0.003662317802899339,
      0.004303606030834692,
      0.009428440833861908,
      0.043328673652048864,
      0.2002874438682299,
      0.29073687081926325,
      0.3253026410435023,
      0.33022045821286317,
      0.33101553327581856,
      0.33132298876730243,
      0.330933720878001,
      0.3317444110184573
    ],
    "20K": [
      7.90158867275341e-08,
      6.839463259914257e-08,
      2.783503026073938e-09,
      1.3394300799582401e-09,
      1.684751893549219e-09,
      1.9254307811055432e-09,
      2.6056100099009876e-09,
      3.0974319438913617e-09,
      3.6311110522874106e-09,
      3.57878939965896e-09,
      3.9555030511930165e-09,
      7.670290909289363e-09,
      1.4754422542655142e-08,
      3.027127021458286e-08,
      3.675131303681523e-06,
      0.000870335998125698,
      0.0021934490453711856,
      0.0026405008210770246,
      0.003526931236426187,
      0.004796616843734912,
      0.006477218905989973,
      0.007834397082405395,
      0.010375979003297646,
      0.012430482700969397,
      0.08257364423087474,
      0.3083700249704082,
      0.4094675685582536,
      0.43308062499828553,
      0.43812223498740893,
      0.438924521542667,
      0.43880617216731727,
      0.4375420286414329,
      0.4379008539607016
    ]
  },
  "norms": {
    "5K": [
      0.609111560864395,
      0.6024532693155696,
      0.6165950968024436,
      0.6346093402819687,
      0.6508610864703575,
      0.6658263260059143,
      0.6791177921080858,
      0.6874562059895376,
      0.6897054040030147,
      0.6888193977013063,
      0.685853197333518,
      0.6771168494492434,
      0.6633774350198467,
      0.6458180834738056,
      0.6258986398075403,
      0.6155704541152782,
      0.6343631315767095,
      0.6836929749906733,
      0.7333025021499462,
      0.7680573088399479,
      0.7892234245043123,
      0.8013565834988369,
      0.8081273496820686,
      0.8118644135721614,
      0.8139211676093969,
      0.8150549256399776,
      0.815682657649008,
      0.8160323775216435,
      0.8162287594227309,
      0.8163401035780318,
      0.8164038711719299,
      0.8164408394459928,
      0.8164625703618767
    ],
    "10K": [
      0.6334286003970029,
      0.6196791241677959,
      0.62746768587091,
      0.6448172665713878,
      0.6624997278277793,
      0.6790437698364258,
      0.6962547998749808,
      0.7127996830458052,
      0.7245941054954957,
      0.7294393175103692,
      0.7287423530321443,
      0.7279815352364872,
      0.7291198044680478,
      0.7241532936524809,
      0.70722606208887,
      0.6816600038764182,
      0.6484875518284486,
      0.6132367916321486,
      0.6184708080934674,
      0.6775478191590041,
      0.7367886639712902,
      0.7745013504885556,
      0.7951318655121192,
      0.8057639304171788,
      0.811114429088121,
      0.8137859065880936,
      0.8151198505015855,
      0.8157889762621248,
      0.8161272520429632,
      0.816300167126602,
      0.8163898125123442,
      0.8164370783259359,
      0.816462516784668
    ],
    "15K": [
      0.64079944739181,
      0.6241543159056245,
      0.6280079959483629,
      0.6436005710216051,
      0.6613133944822162,
      0.6788743479867999,
      0.6977141037415923,
      0.7163159016812786,
      0.7305270955803689,
      0.7378133602356642,
      0.7384164467286528,
      0.7365142200770003,
      0.738341577937094,
      0.7402311496520311,
      0.7317285001947639,
      0.707091711880116,
      0.6702333461032824,
      0.626779384827346,
      0.6001624685994694,
      0.6423925710528084,
      0.7120878294612585,
      0.761397586779648,
      0.7888889527052976,
      0.8029357824432716,
      0.809869616219167,
      0.8132497273134381,
      0.8148937439650632,
      0.8156961055284135,
      0.8160905087931772,
      0.8162864620765943,
      0.8163852370187138,
      0.8164359210582262,
      0.8164624846383427
    ],
    "20K": [
      0.6473726261867566,
      0.6285738784275697,
      0.6286729373288958,
      0.641955493541246,
      0.6591736439908489,
      0.6772076253140911,
      0.6969555951236339,
      0.7166104691751888,
      0.7319469451904297,
      0.740350262502606,
      0.7416869067074208,
      0.7393257055389747,
      0.7401271241434505,
      0.7433978091464953,
      0.7384159216720066,
      0.7167601263924931,
      0.6782381989982691,
      0.6319277152586519,
      0.5971076247397433,
      0.6307422873679172,
      0.702945559212331,
      0.7564297365338615,
      0.7865190077363775,
      0.8018691137935339,
      0.8094044910388046,
      0.8130513952019509,
      0.8148109564620457,
      0.8156624376104119,
      0.8160773073689321,
      0.8162815758351529,
      0.8163836189870084,
      0.8164355138714394,
      0.8164624739229009
    ]
  },