{
  "t": [
    0.001,
    0.03221875,
    0.0634375,
    0.09465625,
    0.125875,
    0.15709375,
    0.1883125,
    0.21953125,
    0.25075,
    0.28196875,
    0.3131875,
    0.34440625,
    0.375625,
    0.40684375,
    0.4380625,
    0.46928125,
    0.5005,
    0.53171875,
    0.5629375,
    0.59415625,
    0.625375,
    0.65659375,
    0.6878125,
    0.71903125,
    0.75025,
    0.78146875,
    0.8126875,
    0.84390625,
    0.875125,
    0.90634375,
    0.9375625,
    0.96878125,
    1.0
  ],
  "curves": {
    "5K": [
      1.5382813646201714e-06,
      1.658607758921728e-06,
      1.5529808632472236e-06,
      1.2402485552822041e-06,
      1.1253298938488902e-06,
      1.071459807329968e-06,
      1.0337360211277873e-06,
      1.0040593316374357e-06,
      9.806403029236546e-07,
      9.695377025564902e-07,
      9.541342550302657e-07,
      9.49686928129012e-07,
      9.623382549067133e-07,
      9.737862077845115e-07,
      9.989737438363693e-07,
      1.0367602340777645e-06,
      1.0942719782587517e-06,
      1.1609817591490579e-06,
      1.2612086986459718e-06,
      1.3764728352184188e-06,
      1.5313127549009377e-06,
      1.7356382608688384e-06,
      2.014291414034846e-06,
      2.3841091890798442e-06,
      3.001709107971447e-06,
      9.018099130055438e-06,
      0.00023532615977161554,
      0.0036599430454413544,
      0.028581815991508826,
      0.10021115286966388,
      0.20280567715676984,
      0.28660191043039385,
      0.33025978924183363
    ],
    "10K": [
      1.1856048387742478e-08,
      1.2075798498484842e-08,
      9.867832054598611e-09,
      4.907755320739474e-09,
      1.7056804907315893e-09,
      7.325008340211142e-10,
      4.70893395437759e-10,
      3.7671472121522946e-10,
      3.3485752435560563e-10,
      2.616074448205632e-10,
      2.5114314622937803e-10,
      2.3021455278933254e-10,
      2.1975025482186817e-10,
      1.7789306295201076e-10,
      1.0464297905092272e-10,
      1.0464297842720191e-10,
      1.1510727701838706e-10,
      1.4650017092078012e-10,
      1.7789306295201076e-10,
      2.3021455154189093e-10,
      3.7671472371011264e-10,
      8.057509266542934e-10,
      1.7893948694815376e-09,
      4.782183897317778e-09,
      1.4001228960245335e-08,
      3.659364706385368e-08,
      8.095180176629644e-08,
      1.7538160351209676e-07,
      4.2424274019385543e-07,
      0.00014018601241025792,
      0.019096338095959654,
      0.1628301183829147,
      0.28163382444488866
    ],
    "15K": [
      3.9764331403155417e-10,
      4.3950050091164515e-10,
      4.3950049592187875e-10,
      3.6625041139706987e-10,
      2.0928595498324143e-10,
      3.1392893278672254e-11,
      3.1392892654951453e-11,
      1.0464297967464351e-11,
      1.0464297967464351e-11,
      1.0464297967464351e-11,
      1.0464297967464351e-11,
      1.0464297967464351e-11,
      1.0464297967464351e-11,
      1.0464297967464351e-11,
      1.0464297967464351e-11,
      1.0464297967464351e-11,
      1.0464297967464351e-11,
      1.0464297967464351e-11,
      1.0464297967464351e-11,
      1.0464297967464351e-11,
      1.0464297967464351e-11,
      1.0464297967464351e-11,
      0.0,
      0.0,
      0.0,
      0.0,
      0.0,
      1.0464297967464351e-11,
      2.7207174029314435e-10,
      5.7972206211539495e-09,
      1.9895751265312868e-06,
      0.04172745581423299,
      0.26988710178418107
    ],
    "20K": [
      5.2321489213600956e-11,
      4.1857191869857405e-11,
      2.0928595934928703e-11,
      0.0,
      0.0,
      0.0,
      0.0,
      0.0,
      0.0,
      0.0,
      0.0,
      0.0,
      0.0,
      0.0,
      0.0,
      0.0,
      0.0,
      0.0,
      0.0,
      0.0,
      0.0,
      0.0,
      0.0,
      0.0,
      0.0,
      0.0,
      2.0928595934928703e-11,
      3.1392892654951453e-11,
      7.325007392155525e-11,
      1.9882163643299067e-10,
      4.185718917538355e-09,
      0.0029621191618419934,
      0.26537882076220565
    ]
  },
  "title": "Loss Geometry on Training Steps",
  "paths": [
    "/share/thickstun/sychou/workspace/research/s-flm/outputs/hflm_curv_init_lr_sudoku/bl_d-hard_a-eflm_rs1"
  ],
  "loaded_steps": [
    5000,
    10000,
    15000,
    20000
  ],
  "num_batches": 8,
  "batch_size": 16
}