{
  "t": [
    0.001,
    0.03221875,
    0.0634375,
    0.09465625,
    0.125875,
    0.15709375,
    0.1883125,
    0.21953125,
    0.25075,
    0.28196875,
    0.3131875,
    0.34440625,
    0.375625,
    0.40684375,
    0.4380625,
    0.46928125,
    0.5005,
    0.53171875,
    0.5629375,
    0.59415625,
    0.625375,
    0.65659375,
    0.6878125,
    0.71903125,
    0.75025,
    0.78146875,
    0.8126875,
    0.84390625,
    0.875125,
    0.90634375,
    0.9375625,
    0.96878125,
    1.0
  ],
  "curves": {
    "5K": [
      0.0,
      0.0,
      0.0,
      0.0,
      0.0,
      0.0,
      0.0,
      0.0,
      0.0,
      0.0,
      0.0,
      0.0,
      0.0,
      0.0,
      0.0,
      0.0,
      0.0,
      0.0,
      0.0,
      0.0,
      0.0,
      0.0,
      0.0,
      0.0,
      2.825359478210926e-10,
      6.445969101807907e-09,
      6.263652136787253e-08,
      3.6380559927902445e-07,
      3.2725666294916236e-06,
      0.0006776479626495621,
      0.020140761237465932,
      0.18376720889230794,
      0.4896785007433945
    ],
    "10K": [
      0.0,
      0.0,
      0.0,
      0.0,
      0.0,
      0.0,
      0.0,
      0.0,
      0.0,
      0.0,
      0.0,
      0.0,
      0.0,
      0.0,
      0.0,
      0.0,
      0.0,
      2.0928595934928703e-11,
      1.674287419068768e-10,
      7.325003125905251e-10,
      1.7684638092257268e-09,
      3.620639154281994e-09,
      5.797209094793559e-09,
      9.271354301017198e-09,
      1.1251139549616444e-07,
      0.00015354237249861336,
      0.002019040644943212,
      0.011252113963278491,
      0.059972233986586666,
      0.16096714373384968,
      0.25535264979587513,
      0.30433577633975595,
      0.3216355704189686
    ],
    "15K": [
      0.0,
      0.0,
      0.0,
      0.0,
      0.0,
      0.0,
      0.0,
      0.0,
      0.0,
      0.0,
      0.0,
      0.0,
      0.0,
      0.0,
      0.0,
      0.0,
      0.0,
      1.0464297967464351e-11,
      1.5696445329522446e-10,
      7.429648675309592e-10,
      5.5146517464880855e-09,
      3.6416533077954227e-07,
      0.00012962207686061366,
      0.0018603303423936196,
      0.011850075461388974,
      0.05102742923779434,
      0.12406151683143016,
      0.19613856278108746,
      0.24495617459329327,
      0.2714582561107164,
      0.2825261073166065,
      0.28581744633363876,
      0.286499090409011
    ],
    "20K": [
      0.0,
      0.0,
      0.0,
      0.0,
      0.0,
      0.0,
      0.0,
      0.0,
      0.0,
      0.0,
      0.0,
      0.0,
      0.0,
      0.0,
      0.0,
      1.0464297967464351e-11,
      1.0464297094255231e-10,
      5.650719948137925e-10,
      3.903181308748771e-09,
      1.7300941555292279e-07,
      0.0001460444271267559,
      0.003000423966205857,
      0.019354055771666965,
      0.07220993517489915,
      0.1472277467170458,
      0.21156148830156649,
      0.2527632043602761,
      0.2755405902862549,
      0.2869283697578344,
      0.2910746992304084,
      0.2924847870730282,
      0.29331663217437404,
      0.29434711745615755
    ]
  },
  "title": "Loss Geometry on Training Steps",
  "paths": [
    "/share/thickstun/sychou/workspace/research/s-flm/outputs/hflm_curv_init_lr_sudoku/bl_d-hard_a-langflow_ada_rs1"
  ],
  "loaded_steps": [
    5000,
    10000,
    15000,
    20000
  ],
  "num_batches": 8,
  "batch_size": 16
}