{
  "t": [
    0.001,
    0.03221875,
    0.0634375,
    0.09465625,
    0.125875,
    0.15709375,
    0.1883125,
    0.21953125,
    0.25075,
    0.28196875,
    0.3131875,
    0.34440625,
    0.375625,
    0.40684375,
    0.4380625,
    0.46928125,
    0.5005,
    0.53171875,
    0.5629375,
    0.59415625,
    0.625375,
    0.65659375,
    0.6878125,
    0.71903125,
    0.75025,
    0.78146875,
    0.8126875,
    0.84390625,
    0.875125,
    0.90634375,
    0.9375625,
    0.96878125,
    1.0
  ],
  "curves": {
    "5K": [
      0.0,
      0.0,
      0.0,
      0.0,
      0.0,
      0.0,
      0.0,
      0.0,
      0.0,
      0.0,
      0.0,
      0.0,
      0.0,
      0.0,
      0.0,
      0.0,
      0.0,
      0.0,
      0.0,
      0.0,
      0.0,
      0.0,
      0.0,
      0.0,
      3.6625034715382745e-10,
      1.0003761090416035e-08,
      1.4495459877610536e-07,
      1.1697011001835175e-06,
      5.082115799932887e-06,
      5.106921243975776e-05,
      0.008186718306420475,
      0.12223542942089981,
      0.4784647159362107
    ],
    "10K": [
      0.0,
      0.0,
      0.0,
      0.0,
      0.0,
      0.0,
      0.0,
      0.0,
      0.0,
      0.0,
      0.0,
      0.0,
      0.0,
      0.0,
      0.0,
      0.0,
      0.0,
      0.0,
      2.0928595934928703e-11,
      1.7789305671480277e-10,
      1.2243214170322347e-09,
      1.030715517929417e-08,
      5.9013827692243476e-08,
      2.8262985232573925e-07,
      1.3668988297498534e-06,
      6.755393013499384e-06,
      0.0005987670699008897,
      0.006121065389113814,
      0.04030420137255379,
      0.11718840746397383,
      0.20201464449421744,
      0.24540150299500885,
      0.2790617594558201
    ],
    "15K": [
      0.0,
      0.0,
      0.0,
      0.0,
      0.0,
      0.0,
      0.0,
      0.0,
      0.0,
      0.0,
      0.0,
      0.0,
      0.0,
      0.0,
      0.0,
      0.0,
      0.0,
      1.7789303862689956e-10,
      5.3367667937776416e-09,
      5.9592329552890914e-08,
      3.518195723465008e-07,
      1.488268629074217e-06,
      5.472942207694011e-06,
      0.00030249163911944736,
      0.007735749125857366,
      0.04389868140890357,
      0.10508538364024644,
      0.1615428870983338,
      0.1959555202655578,
      0.2139000477415792,
      0.22273956657795424,
      0.22883090678225743,
      0.24165303921431638
    ],
    "20K": [
      0.0,
      0.0,
      0.0,
      0.0,
      0.0,
      0.0,
      0.0,
      0.0,
      0.0,
      0.0,
      0.0,
      0.0,
      0.0,
      0.0,
      0.0,
      1.015035700310339e-09,
      3.596356227551419e-08,
      4.180448952998693e-07,
      1.2853966387063318e-06,
      3.3995451855609257e-06,
      1.471346486856889e-05,
      0.0007653843239996206,
      0.010394707602040653,
      0.05599760841787531,
      0.12379091040471966,
      0.18160121896293727,
      0.22065982256042824,
      0.23891944563790654,
      0.24669447775637166,
      0.2498939519517877,
      0.2506598783343026,
      0.25252360976144167,
      0.2657731543765979
    ]
  },
  "title": "Loss Geometry on Training Steps",
  "paths": [
    "/share/thickstun/sychou/workspace/research/s-flm/outputs/hflm_curv_init_lr_sudoku/bl_d-hard_a-langflow_full_rs1"
  ],
  "loaded_steps": [
    5000,
    10000,
    15000,
    20000
  ],
  "num_batches": 8,
  "batch_size": 16
}