{
  "t": [
    0.001,
    0.03221875,
    0.0634375,
    0.09465625,
    0.125875,
    0.15709375,
    0.1883125,
    0.21953125,
    0.25075,
    0.28196875,
    0.3131875,
    0.34440625,
    0.375625,
    0.40684375,
    0.4380625,
    0.46928125,
    0.5005,
    0.53171875,
    0.5629375,
    0.59415625,
    0.625375,
    0.65659375,
    0.6878125,
    0.71903125,
    0.75025,
    0.78146875,
    0.8126875,
    0.84390625,
    0.875125,
    0.90634375,
    0.9375625,
    0.96878125,
    1.0
  ],
  "curves": {
    "5K": [
      3.6855253889943206e-08,
      3.596578850969247e-08,
      3.5180966115353584e-08,
      3.441707231819707e-08,
      3.372642861117885e-08,
      3.3558999833719885e-08,
      3.3088106397116553e-08,
      3.314042789007248e-08,
      3.329739236894026e-08,
      3.387292879145544e-08,
      3.4427536616788256e-08,
      3.50972517266241e-08,
      3.608089579419551e-08,
      3.7483111486069266e-08,
      4.0193364182496125e-08,
      4.323847283711565e-08,
      4.691143940720629e-08,
      5.1850587384210535e-08,
      5.73757364016662e-08,
      6.439728011766133e-08,
      7.368957726663375e-08,
      8.407015827563892e-08,
      1.0144088755010527e-07,
      1.2858527937301977e-07,
      1.713319212346883e-07,
      2.3502810548185215e-07,
      3.40162872551323e-07,
      5.459012989765111e-07,
      1.0044464084948937e-06,
      2.3282610231178574e-06,
      1.2325094666154113e-05,
      0.03824012098687418,
      0.3953562586495046
    ],
    "10K": [
      1.1803727373804127e-08,
      1.166769149211872e-08,
      1.1416548325930276e-08,
      1.1228190951288944e-08,
      1.1039833576647611e-08,
      1.0861940500597463e-08,
      1.0244547043390065e-08,
      9.376010260321697e-09,
      8.517937775844515e-09,
      7.82729422849882e-09,
      7.094793486788383e-09,
      6.058828165769841e-09,
      5.2216843583112914e-09,
      4.269433386104099e-09,
      3.683432704915861e-09,
      2.9927890777339036e-09,
      2.490502765316082e-09,
      2.354466903589741e-09,
      1.9882165127754573e-09,
      1.590573186269487e-09,
      1.4859302602348322e-09,
      1.1929299296202464e-09,
      1.0255011671305833e-09,
      7.115722318489774e-10,
      6.592507451302597e-10,
      6.592507538623509e-10,
      7.743580258909716e-10,
      3.6311111720418043e-09,
      2.465388237131142e-08,
      1.0673579198012019e-07,
      8.696105999589552e-07,
      0.01816481134195006,
      0.3343664233604174
    ],
    "15K": [
      1.5591802405982675e-09,
      1.2452513676887417e-09,
      1.1092154909931012e-09,
      8.999295516028798e-10,
      7.534293825532621e-10,
      6.173935414097071e-10,
      4.813576803070865e-10,
      4.290361935883688e-10,
      3.45321816085862e-10,
      2.9300033061458583e-10,
      2.3021454468096213e-10,
      1.9882165389717308e-10,
      1.6742876124222163e-10,
      1.4650016904961773e-10,
      1.0464297842720191e-10,
      9.417868045973757e-11,
      6.278578718106531e-11,
      4.1857191246136605e-11,
      3.1392893902393054e-11,
      3.1392893902393054e-11,
      2.0928595934928703e-11,
      1.0464297967464351e-11,
      0.0,
      0.0,
      0.0,
      0.0,
      0.0,
      0.0,
      0.0,
      8.057509116849943e-10,
      1.3655832890946655e-07,
      0.01065379615580098,
      0.2997456614890795
    ],
    "20K": [
      8.476081060497349e-10,
      6.278578593362371e-10,
      3.1392893029183936e-10,
      2.0928595685440382e-10,
      1.5696446951196528e-10,
      1.2557157560957222e-10,
      1.0464297967464351e-10,
      6.278578780478611e-11,
      1.0464297967464351e-11,
      1.0464297967464351e-11,
      0.0,
      0.0,
      0.0,
      0.0,
      0.0,
      0.0,
      0.0,
      0.0,
      0.0,
      0.0,
      0.0,
      0.0,
      0.0,
      0.0,
      0.0,
      0.0,
      0.0,
      0.0,
      0.0,
      1.0464297842720191e-10,
      6.607112975084266e-08,
      0.011064176353510846,
      0.28698519106661335
    ]
  },
  "title": "Loss Geometry on Training Steps",
  "paths": [
    "/share/thickstun/sychou/workspace/research/s-flm/outputs/hflm_curv_init_lr_sudoku/bl_d-hard_a-sfm_rs1"
  ],
  "loaded_steps": [
    5000,
    10000,
    15000,
    20000
  ],
  "num_batches": 8,
  "batch_size": 16
}