{
  "t": [
    0.001,
    0.03221875,
    0.0634375,
    0.09465625,
    0.125875,
    0.15709375,
    0.1883125,
    0.21953125,
    0.25075,
    0.28196875,
    0.3131875,
    0.34440625,
    0.375625,
    0.40684375,
    0.4380625,
    0.46928125,
    0.5005,
    0.53171875,
    0.5629375,
    0.59415625,
    0.625375,
    0.65659375,
    0.6878125,
    0.71903125,
    0.75025,
    0.78146875,
    0.8126875,
    0.84390625,
    0.875125,
    0.90634375,
    0.9375625,
    0.96878125,
    1.0
  ],
  "curves": {
    "5K": [
      1.6802505240448634e-06,
      2.0512612495673402e-06,
      2.3938512058112394e-06,
      5.024067985268017e-06,
      6.494722401839681e-05,
      0.0002950309108098409,
      0.0005548297190676401,
      0.0008220413904617478,
      0.001234526980440708,
      0.00203678466993112,
      0.003077945013051811,
      0.004746745604749644,
      0.006862953035788757,
      0.009597093528764469,
      0.012917541291857704,
      0.01729206858056315,
      0.02291867153698139,
      0.02989650961388363,
      0.03768227927470475,
      0.0470225593347228,
      0.057602083749985426,
      0.06877175777145986,
      0.081287154655778,
      0.09421032432759746,
      0.10750102795911638,
      0.12129345904575305,
      0.13627889785873756,
      0.15192152676957377,
      0.16890983367234133,
      0.18958373685901084,
      0.2042932523770279,
      0.2158177461516991,
      0.23632540729608428
    ],
    "10K": [
      1.4118429615418688e-07,
      2.0564435503780422e-07,
      2.460469965698077e-07,
      3.4118661613810513e-07,
      9.644250419594837e-07,
      3.754556734308475e-06,
      1.6052853353674722e-05,
      5.1167516063655507e-05,
      0.00019943910633577454,
      0.0004909885846542095,
      0.0009218551620077133,
      0.0016680228621358826,
      0.002797910646048866,
      0.004597822813777609,
      0.00688570779957547,
      0.011012185600408342,
      0.016214875818303463,
      0.022711337366130915,
      0.03073871290583289,
      0.04052502846115091,
      0.05187966699680586,
      0.06580397654115484,
      0.08013717712980978,
      0.09276053677783923,
      0.10584212554974502,
      0.11890041024497386,
      0.13140254275182658,
      0.1468598735466432,
      0.1675168758028009,
      0.18067561240678423,
      0.195227715406525,
      0.2092899311794324,
      0.22626860222119963
    ],
    "15K": [
      2.835824618825192e-09,
      2.0154224875767886e-08,
      5.087680756588178e-08,
      2.1203886570659184e-07,
      1.0279633286015443e-06,
      5.3597805533448415e-06,
      1.967534474848496e-05,
      9.878046364136618e-05,
      0.0004201385522361981,
      0.0011581567386191422,
      0.0026299648432929613,
      0.004318481714077545,
      0.006746727342748743,
      0.009690215486740128,
      0.013463685707597251,
      0.01780310608028026,
      0.022641810389716972,
      0.029199846340029426,
      0.03658084085818087,
      0.04838496547066764,
      0.06255353702588028,
      0.08849288506454296,
      0.10442708583360308,
      0.12912796588426226,
      0.15533102228400414,
      0.18342470854855655,
      0.20630851220548824,
      0.22278771105777012,
      0.24610042572021484,
      0.26635798175683184,
      0.27826114718833667,
      0.2856317289759604,
      0.2987964635484674
    ],
    "20K": [
      8.685367057269883e-10,
      4.4263972661999074e-09,
      6.30397230746015e-08,
      2.817686791605012e-06,
      9.410171972841669e-05,
      0.0003393936884508599,
      0.0007709978594800887,
      0.0011858274837108225,
      0.0017701355266509697,
      0.003142544270814867,
      0.005015355901102002,
      0.008586458401398713,
      0.012028375870726082,
      0.01754299048962218,
      0.025961313187406306,
      0.03598850329270523,
      0.05306537834446082,
      0.07931643423069729,
      0.10107860538396943,
      0.13935402872857083,
      0.16266690747121745,
      0.18771923793835588,
      0.21097634213694025,
      0.23645802160327353,
      0.2606029671229673,
      0.29712013716108343,
      0.31826377986522203,
      0.3426172679729676,
      0.36455839403559653,
      0.3853996175058772,
      0.4006195764863089,
      0.4093886600451523,
      0.42383837967776183
    ]
  },
  "title": "Loss Geometry on Training Steps",
  "paths": [
    "/share/thickstun/sychou/workspace/research/s-flm/outputs/hflm_curv_init_lr_sudoku/bl_d-hard_a-sfm_trunc_ada_rs1"
  ],
  "loaded_steps": [
    5000,
    10000,
    15000,
    20000
  ],
  "num_batches": 8,
  "batch_size": 16
}