{
  "t": [
    0.001,
    0.03221875,
    0.0634375,
    0.09465625,
    0.125875,
    0.15709375,
    0.1883125,
    0.21953125,
    0.25075,
    0.28196875,
    0.3131875,
    0.34440625,
    0.375625,
    0.40684375,
    0.4380625,
    0.46928125,
    0.5005,
    0.53171875,
    0.5629375,
    0.59415625,
    0.625375,
    0.65659375,
    0.6878125,
    0.71903125,
    0.75025,
    0.78146875,
    0.8126875,
    0.84390625,
    0.875125,
    0.90634375,
    0.9375625,
    0.96878125,
    1.0
  ],
  "curves": {
    "5K": [
      1.3834731444046738e-06,
      1.4172728288542019e-06,
      1.455645411788078e-06,
      1.5003801451988121e-06,
      1.5417034763926535e-06,
      1.6021766170749462e-06,
      1.6642820657089646e-06,
      1.73647493468022e-06,
      1.8111687914528519e-06,
      1.9086111954013097e-06,
      2.0241568563506007e-06,
      2.3019831868613223e-06,
      4.591329302507965e-06,
      1.3891230951281777e-05,
      7.378307430811352e-05,
      0.00030375133784228854,
      0.0008611896125095493,
      0.0015911403745857559,
      0.0023935130214268927,
      0.0030901932309308415,
      0.004597261706314814,
      0.007722221921836392,
      0.01386726141143381,
      0.024825706408264932,
      0.04360719041877918,
      0.07119432460056262,
      0.1073887770095568,
      0.14880481194914058,
      0.19098867057414537,
      0.22940608758604927,
      0.2611014762621247,
      0.28330092215805913,
      0.29680316099959814
    ],
    "10K": [
      1.0131531852177145e-07,
      1.0814850550181535e-07,
      1.1603858663956896e-07,
      1.2499602623362344e-07,
      1.3473828822201682e-07,
      1.4551651577093753e-07,
      1.549867047185799e-07,
      1.6467664010449655e-07,
      1.740944960627612e-07,
      1.843913645991072e-07,
      1.9758684512259166e-07,
      2.1524011684592102e-07,
      2.3803135917752228e-07,
      2.6844060066446473e-07,
      3.0782810559746774e-07,
      4.3083729466938106e-07,
      1.8321182865752796e-06,
      3.076242875282292e-05,
      0.00026163717317880523,
      0.0009038211745146226,
      0.0023391087896915234,
      0.005494613536591694,
      0.009874919191358631,
      0.016716458907957827,
      0.027957369646664416,
      0.04532581802164571,
      0.06986910339151875,
      0.1026729117618518,
      0.13879653644025997,
      0.17302731583627423,
      0.20079684659336391,
      0.21974516048860016,
      0.23065530316213542
    ],
    "15K": [
      9.22950896233743e-09,
      9.564366517255355e-09,
      9.763188429996661e-09,
      1.0799154070360253e-08,
      1.1270047187618535e-08,
      1.1699083589529652e-08,
      1.2839691497278733e-08,
      1.3812871425931477e-08,
      1.4513979591213408e-08,
      1.603130272726273e-08,
      1.7883483577902503e-08,
      2.0133307455662258e-08,
      2.4517846808971064e-08,
      3.522281692281733e-08,
      6.469978993510686e-08,
      3.6753911398989843e-07,
      5.004700662201879e-06,
      4.173771290890032e-05,
      0.00015930002917413955,
      0.00037485406807994304,
      0.00091669413337881,
      0.002740727387155469,
      0.006722251776072165,
      0.013368627668640921,
      0.024225463944204738,
      0.04158105207293221,
      0.06695396913571304,
      0.09807352403576454,
      0.13234560677174773,
      0.16664924648370635,
      0.19594025611877441,
      0.21588226918424114,
      0.2247920732819632
    ],
    "20K": [
      4.1857190871904125e-10,
      4.6042909372796986e-10,
      4.70893395437759e-10,
      6.278578605836787e-10,
      7.01107953216858e-10,
      8.266795238366638e-10,
      8.476081110395012e-10,
      1.00457255996868e-09,
      1.1301441231038364e-09,
      1.3708229158545988e-09,
      1.5277873148861137e-09,
      2.051002044854715e-09,
      3.1916095733815506e-09,
      5.190289267040519e-09,
      1.3666333682693405e-08,
      5.851338757343563e-08,
      4.848242292226725e-07,
      3.5771972994844167e-06,
      2.929873285543334e-05,
      0.00011232271352516332,
      0.0004049155782166544,
      0.001398603023772829,
      0.004299202156933338,
      0.010619796310248,
      0.022649203207385674,
      0.04146378964520572,
      0.06830031650789668,
      0.10234881853789426,
      0.13980610718887843,
      0.17579402682486545,
      0.2062132532676954,
      0.22811422990948965,
      0.23792922898624722
    ]
  },
  "title": "Loss Geometry on Training Steps",
  "paths": [
    "/share/thickstun/sychou/workspace/research/s-flm/outputs/hflm_curv_init_lr_sudoku/bl_d-hard_a-sfm_trunc_rs1"
  ],
  "loaded_steps": [
    5000,
    10000,
    15000,
    20000
  ],
  "num_batches": 8,
  "batch_size": 16
}