{
  "t": [
    0.001,
    0.03221875,
    0.0634375,
    0.09465625,
    0.125875,
    0.15709375,
    0.1883125,
    0.21953125,
    0.25075,
    0.28196875,
    0.3131875,
    0.34440625,
    0.375625,
    0.40684375,
    0.4380625,
    0.46928125,
    0.5005,
    0.53171875,
    0.5629375,
    0.59415625,
    0.625375,
    0.65659375,
    0.6878125,
    0.71903125,
    0.75025,
    0.78146875,
    0.8126875,
    0.84390625,
    0.875125,
    0.90634375,
    0.9375625,
    0.96878125,
    1.0
  ],
  "curves": {
    "5K": [
      5.8801424836091114e-06,
      4.8646032339317745e-06,
      3.5313978821321735e-06,
      2.7953618463767126e-06,
      5.018742352179932e-06,
      2.336293496381167e-05,
      9.851706693481309e-05,
      0.0001314980986893041,
      0.0001440323891544589,
      0.00012194766151899304,
      0.00011489939461579922,
      0.0001442636597592232,
      0.0002507763456378598,
      0.00039505171216762717,
      0.0004744437734352482,
      0.0005721148238203415,
      0.0006680796641478409,
      0.0008807531692051025,
      0.0012377679238116809,
      0.002005481268436219,
      0.002821427147333207,
      0.003407260900091254,
      0.004680085990033792,
      0.0077363722696063226,
      0.015916197654906282,
      0.04309886024239358,
      0.11152670088778721,
      0.19657372088914507,
      0.2533860206604004,
      0.27803462810730667,
      0.28619255108779734,
      0.288389631871427,
      0.2888222758689623
    ],
    "10K": [
      4.135906513848373e-07,
      3.7056147601596716e-07,
      1.8523847971623631e-07,
      7.251750173636946e-08,
      8.749997392810196e-08,
      3.3068831176994916e-07,
      4.89598509569517e-07,
      1.9589890665643867e-06,
      2.7275361512539766e-06,
      3.775727702248516e-06,
      6.771256680353923e-06,
      9.592555537192617e-06,
      1.5194097983978506e-05,
      1.917128988673519e-05,
      2.3140740376887286e-05,
      4.011351104042987e-05,
      0.00016132307504470987,
      0.00022500041692895782,
      0.000342017972103947,
      0.0003431361214614406,
      0.0005230923485857111,
      0.0005110531186931674,
      0.000718539509292119,
      0.0011318061473237198,
      0.0020117926260252387,
      0.0019356272643787807,
      0.009128167388144504,
      0.015947051178873253,
      0.05715082703011759,
      0.1535525978281257,
      0.22080554721060763,
      0.24513543589731282,
      0.2508611571922731
    ],
    "15K": [
      6.705520429554116e-08,
      6.14672637383275e-08,
      3.307764273721547e-08,
      1.8417163424783979e-09,
      9.41786778401102e-10,
      1.7475374954852066e-09,
      4.970532170625191e-09,
      4.901699564593247e-08,
      1.3041054773893438e-07,
      3.3657909849478204e-07,
      1.9580149424920943e-06,
      2.6837046262377103e-06,
      6.397281244167214e-06,
      2.281584386501594e-05,
      4.680538342291696e-05,
      4.746873818513843e-05,
      5.1291567406556325e-05,
      7.263967242529565e-05,
      0.00020292078535022213,
      0.00018418115336140707,
      0.000367085089300573,
      0.0003888016496189215,
      0.0007762538693538537,
      0.0011189084402298596,
      0.0018334300237645008,
      0.002705862960160783,
      0.004350522687407524,
      0.005099793205435356,
      0.03240257844831167,
      0.10610875118984266,
      0.19232127103912697,
      0.24353120032321202,
      0.245198472162311
    ],
    "20K": [
      6.212651838171276e-08,
      5.108669550312432e-08,
      6.247185021475468e-09,
      1.3603586921099096e-10,
      7.429641783194748e-10,
      3.735710113909339e-09,
      7.275239653536188e-08,
      1.7219136109791007e-07,
      3.5542611436720994e-07,
      1.4063569300469926e-06,
      1.5327718700517387e-06,
      4.0479026553120756e-06,
      7.2177026458211134e-06,
      2.6428709798017178e-05,
      5.3003289864209696e-05,
      4.181775304342554e-05,
      7.048355644684125e-05,
      8.132367770229148e-05,
      0.0001721886852144477,
      0.0004597146850646067,
      0.0007151978865690699,
      0.0018782404625025254,
      0.0034517285190365705,
      0.0045561047374801265,
      0.0047880236181728755,
      0.004256553499268766,
      0.004121126439631655,
      0.0060136845607436104,
      0.015436082157526123,
      0.09433390786138814,
      0.17636007539341958,
      0.23599715982930045,
      0.24420614188976503
    ]
  },
  "norms": {
    "5K": [
      0.8905131522189366,
      0.8787431395455693,
      0.886614124426681,
      0.9017377810531788,
      0.9190193454871017,
      0.9355108068230447,
      0.9497206934382406,
      0.9605809972527322,
      0.966806722490975,
      0.9676125129956877,
      0.9634552966342883,
      0.9555766502123201,
      0.9461942522713308,
      0.9404583727375845,
      0.9465489333934998,
      0.9728241931186633,
      1.0218772352411505,
      1.0852520546216644,
      1.1500674044148307,
      1.2080438699615135,
      1.2561604253361733,
      1.2943757946571608,
      1.3239240539207886,
      1.3463976892192713,
      1.3633225794588582,
      1.3759982719850004,
      1.385466650630651,
      1.3925347381763244,
      1.3978152971589164,
      1.4017671092172688,
      1.4047320183743253,
      1.4069630590717443,
      1.40864750508512
    ],
    "10K": [
      0.9214943553624528,
      0.9090536203277245,
      0.9184495947334204,
      0.9386624218372817,
      0.9639045308145244,
      0.9908278068799651,
      1.017763084240174,
      1.043475804703959,
      1.0659845866514055,
      1.0827441376246763,
      1.09166437856267,
      1.0918700400363193,
      1.0839663409115223,
      1.0691014086262565,
      1.0472269593999628,
      1.019501525364565,
      0.9946406610896078,
      0.9903085044260775,
      1.0224711278851113,
      1.0858611203311535,
      1.1579089432619931,
      1.2225764199589075,
      1.2744424798515406,
      1.313641119539068,
      1.3422987755764737,
      1.3628665195422227,
      1.377487204048071,
      1.3878394566225203,
      1.3951678222484802,
      1.4003678225399403,
      1.404073050852572,
      1.406727822978845,
      1.4086423509576347
    ],
    "15K": [
      0.9147684118720922,
      0.9031773149297478,
      0.9143436303299465,
      0.9372968566551637,
      0.9660182910019093,
      0.9972313012969628,
      1.0292791516593334,
      1.0605037774932518,
      1.088489318161868,
      1.1106285459539864,
      1.1248473478167245,
      1.1299665108155668,
      1.1259889602661133,
      1.1140998561730546,
      1.0950363030594386,
      1.06740348258715,
      1.0322428928332383,
      1.0016624043496807,
      1.0004194559675923,
      1.0444855207807562,
      1.116554003083304,
      1.1898761920714647,
      1.2513852065868591,
      1.2984447264939212,
      1.3327329614189234,
      1.3570580643214536,
      1.3740749573439694,
      1.3859053943934065,
      1.3941202699468378,
      1.399837022417047,
      1.4038339036234309,
      1.4066462998979548,
      1.4086406686332789
    ],
    "20K": [
      0.9056296509303404,
      0.8949345042196553,
      0.9080702642376504,
      0.9336421087886511,
      0.9652923305382889,
      0.9998058147644728,
      1.0353325404477922,
      1.0697226577930237,
      1.1003273417440693,
      1.1246542126944896,
      1.1407591787616858,
      1.1473672952544822,
      1.144089559490761,
      1.1317612723018347,
      1.1118489919083843,
      1.084000758910447,
      1.0474656244342246,
      1.0101953249299125,
      0.9963082088513321,
      1.0301315114739236,
      1.100267999627617,
      1.1764406354239818,
      1.2417737017856556,
      1.2920941770746466,
      1.3287496888235715,
      1.3546563159213978,
      1.3726769886659773,
      1.3851215705442965,
      1.3937008139792453,
      1.3996274069453893,
      1.4037408721580933,
      1.4066150751006736,
      1.4086400257067735
    ]
  },
  "title": "Loss Geometry on Training Steps",