{
  "t": [
    0.001,
    0.03221875,
    0.0634375,
    0.09465625,
    0.125875,
    0.15709375,
    0.1883125,
    0.21953125,
    0.25075,
    0.28196875,
    0.3131875,
    0.34440625,
    0.375625,
    0.40684375,
    0.4380625,
    0.46928125,
    0.5005,
    0.53171875,
    0.5629375,
    0.59415625,
    0.625375,
    0.65659375,
    0.6878125,
    0.71903125,
    0.75025,
    0.78146875,
    0.8126875,
    0.84390625,
    0.875125,
    0.90634375,
    0.9375625,
    0.96878125,
    1.0
  ],
  "curves": {
    "5K": [
      5.883867283393577e-06,
      4.862259190171182e-06,
      3.324885971339294e-06,
      2.758499372095194e-06,
      3.2014913711137022e-06,
      6.110656020896028e-06,
      1.967254825154832e-05,
      5.565074621863255e-05,
      8.066316783360174e-05,
      9.723948599284075e-05,
      0.00011240931494642845,
      0.00016602330016324772,
      0.00035049378509918397,
      0.0005433903524329692,
      0.000629481990308909,
      0.0006285492117661235,
      0.0007131747606150241,
      0.000994328354904559,
      0.001560907266128892,
      0.002566456764653911,
      0.0034038177377471095,
      0.004054459005468682,
      0.005304671457727973,
      0.008816949855745508,
      0.017345284226905094,
      0.04482578963376163,
      0.1148546893944901,
      0.20053657521022838,
      0.2556350097227632,
      0.27949114595906116,
      0.2868967859932546,
      0.28873634874150994,
      0.28896335805400036
    ],
    "10K": [
      4.134860032894047e-07,
      3.6988130171706096e-07,
      1.746699941638704e-07,
      7.265355166923706e-08,
      1.1605076071155667e-07,
      2.401751352704962e-07,
      3.858390760449745e-07,
      1.3052645016067688e-06,
      1.8663428624876452e-06,
      3.576096659525718e-06,
      1.2119145287095287e-05,
      1.6912008654185997e-05,
      2.8506781710051796e-05,
      3.892617013370705e-05,
      7.198703622084088e-05,
      0.00011347604846043416,
      0.00043487002010786027,
      0.0007001709558668163,
      0.0006372374053045548,
      0.00043344804333472574,
      0.0010599715065361605,
      0.0007189127401044275,
      0.0007196301464594735,
      0.0012556007761427128,
      0.0012496096819274263,
      0.0014329899319583614,
      0.0028757217518064412,
      0.011801921479989973,
      0.05208369989073678,
      0.15943392943800166,
      0.22722538133685508,
      0.24875950813293457,
      0.25276724408181866
    ],
    "15K": [
      6.811209845325087e-08,
      6.128937768786845e-08,
      3.329739300763036e-08,
      1.7580020036465806e-09,
      1.098751105081004e-09,
      2.2498226802158213e-09,
      4.782177071317338e-09,
      1.0234039713053422e-08,
      2.8963439187586875e-08,
      1.1409423019343326e-07,
      4.264055618659257e-07,
      2.448340542140143e-06,
      8.06241902431681e-06,
      2.7683370292200716e-05,
      3.5840713815999286e-05,
      7.450103830284676e-05,
      7.994285778850329e-05,
      9.809757572418604e-05,
      0.0003360770253817499,
      0.0003084436407246759,
      0.0005080825865682685,
      0.0005827916759282866,
      0.0008123274022059531,
      0.0006814580528237896,
      0.001046076280258961,
      0.0015567648132969992,
      0.002235670495527179,
      0.007286260281218572,
      0.028312248627791244,
      0.12953248988376576,
      0.21442335107353297,
      0.245741471815645,
      0.2476466746812456
    ],
    "20K": [
      6.39368420379878e-08,
      5.314816104820759e-08,
      5.462362547300319e-09,
      1.9882161896880826e-10,
      7.534285916752872e-10,
      1.4545349350687595e-09,
      3.3590101355826675e-09,
      4.806297724544913e-08,
      1.82716702583929e-07,
      2.3585804855286163e-06,
      4.91916078844646e-06,
      1.0153103683013746e-05,
      2.4772400955615148e-05,
      4.967439636319151e-05,
      8.6654461605569e-05,
      7.95146384969416e-05,
      0.0003139979807786097,
      0.00029937998109268995,
      0.00044433143543954153,
      0.0005700352396334503,
      0.0005732806764629524,
      0.0005690007720043498,
      0.0017756741884552998,
      0.0023395263035964806,
      0.0021778126234146817,
      0.002493058706717461,
      0.0027993751867684755,
      0.004017967500546006,
      0.023627466197763937,
      0.10328896795765738,
      0.19969446471567903,
      0.24126733822768995,
      0.2477839555633202
    ]
  },
  "norms": {
    "5K": [
      0.890512820040242,
      0.8787350386716006,
      0.8866162996613578,
      0.9017625444390801,
      0.9190661505366979,
      0.9355743708235494,
      0.9497959908474697,
      0.9606643741050463,
      0.9668967107708535,
      0.9677110950598556,
      0.9635692660728198,
      0.9557209336355831,
      0.9463973313235166,
      0.9407518794027607,
      0.9469424579920394,
      0.9733240470457613,
      1.0224725423234233,
      1.0858686854330342,
      1.1506336512190571,
      1.2085262041413383,
      1.2565524819191922,
      1.2946848815746521,
      1.3241628582557936,
      1.34657987316003,
      1.3634604014707414,
      1.376102083184746,
      1.385544637615761,
      1.3925934159353879,
      1.3978594126326314,
      1.401800434241134,
      1.4047571675161297,
      1.4069821647043979,
      1.408662088801352
    ],
    "10K": [
      0.9214929945013496,
      0.9090179164757889,
      0.9184155517749573,
      0.9386525314845396,
      0.963923850756013,
      0.9908735296699438,
      1.0178298414423224,
      1.0435564705495084,
      1.0660710388355041,
      1.0828290253542783,
      1.0917427405882418,
      1.091940451204107,
      1.0840303763914645,
      1.0691624009207394,
      1.0472962133000405,
      1.0196177450458654,
      0.9948741827118263,
      0.9907116514913151,
      1.0230401821350783,
      1.0864957316537922,
      1.158492099033313,
      1.2230567932128906,
      1.2748143914040555,
      1.3139184458871906,
      1.342500986677877,
      1.3630120781030548,
      1.3775913152801857,
      1.3879137360647824,
      1.3952209172623882,
      1.400405905219946,
      1.4041004823834708,
      1.4067477537005135,
      1.4086569346738664
    ],
    "15K": [
      0.9147668688484792,
      0.9031350103656898,
      0.9142971681744865,
      0.9372704002294647,
      0.9660193411152015,
      0.9972589792830221,
      1.029328849878204,
      1.0605686380622092,
      1.088561700970939,
      1.110701560974121,
      1.1249155837498355,
      1.1300268923298697,
      1.1260411123211465,
      1.114144089516629,
      1.0950713747003105,
      1.0674375041147297,
      1.0323213298669023,
      1.0018842890021507,
      1.0008672757095165,
      1.0451044018348952,
      1.1171853033344397,
      1.1904184362861547,
      1.2518107917871368,
      1.2987619464317064,
      1.3329622718725311,
      1.3572208961743988,
      1.3741895804244482,
      1.3859857923529122,
      1.394176697463132,
      1.3998768409986175,
      1.4038621388124617,
      1.4066664877902255,
      1.4086552523495106
    ],
    "20K": [
      0.9056283222155624,
      0.8948982431647483,
      0.9080312707450953,
      0.9336223495140504,
      0.965298202600372,
      0.9998361180337627,
      1.0353825708453575,
      1.0697858681839503,
      1.1003969171074,
      1.1247238523504708,
      1.1408236428592982,
      1.1474229405435283,
      1.1441350036792541,
      1.1317968797147944,
      1.1118735624163338,
      1.0840152247568196,
      1.047499345929435,
      1.0103411513767886,
      0.9966914037640175,
      1.0307320691226574,
      1.100910722539666,
      1.1770021995801605,
      1.2422170746192505,
      1.292424866322721,
      1.3289882252725322,
      1.3548250305518676,
      1.3727951371267941,
      1.3852040580149447,
      1.3937583987632494,
      1.399667739868164,
      1.4037693538022844,
      1.4066353701473622,
      1.4086546094230052
    ]
  },
  "title": "Loss Geometry on Training Steps",