{
  "t": [
    0.001,
    0.03221875,
    0.0634375,
    0.09465625,
    0.125875,
    0.15709375,
    0.1883125,
    0.21953125,
    0.25075,
    0.28196875,
    0.3131875,
    0.34440625,
    0.375625,
    0.40684375,
    0.4380625,
    0.46928125,
    0.5005,
    0.53171875,
    0.5629375,
    0.59415625,
    0.625375,
    0.65659375,
    0.6878125,
    0.71903125,
    0.75025,
    0.78146875,
    0.8126875,
    0.84390625,
    0.875125,
    0.90634375,
    0.9375625,
    0.96878125,
    1.0
  ],
  "curves": {
    "20K": [
      0.0033773086670407793,
      0.004473968538150075,
      0.005987851516692899,
      0.007357478731137235,
      0.009395679764566012,
      0.012617404165212065,
      0.017474371066782624,
      0.02453864028211683,
      0.03398069669492543,
      0.046537648886442184,
      0.06348181050270796,
      0.08526319451630116,
      0.11385360267013311,
      0.1485347170382738,
      0.19142128713428974,
      0.24547993950545788,
      0.31221650913357735,
      0.397262305021286,
      0.501696303486824,
      0.6314429044723511,
      0.7955586388707161,
      0.9878659248352051,
      1.2304688841104507,
      1.5244865268468857,
      1.8755714446306229,
      2.291363537311554,
      2.773734599351883,
      3.348007321357727,
      3.9823255240917206,
      4.6368401646614075,
      5.231869220733643,
      5.686499118804932,
      5.933219730854034
    ]
  },
  "norms": {
    "20K": [
      4.507982134819031,
      3.149001717567444,
      3.2294331192970276,
      3.356181263923645,
      3.4743388891220093,
      3.581056445837021,
      3.6728978157043457,
      3.7519126534461975,
      3.822447180747986,
      3.8873980939388275,
      3.948456108570099,
      4.0061832666397095,
      4.060495018959045,
      4.111474812030792,
      4.159340262413025,
      4.204385757446289,
      4.247120380401611,
      4.288064122200012,
      4.3275949358940125,
      4.365998208522797,
      4.4035003781318665,
      4.4403082728385925,
      4.476632237434387,
      4.512872815132141,
      4.549519717693329,
      4.58708792924881,
      4.626190602779388,
      4.667632758617401,
      4.712679088115692,
      4.763718545436859,
      4.82520592212677,
      4.906061410903931,
      5.042268633842468
    ]
  },
  "dists": {
    "20K": [
      1.9061620871250353,
      8.624121598140698,
      10.232901877637833,
      11.135572325351312,
      11.764993649980504,
      12.25582990487187,
      12.642256115793446,
      12.955876807653928,
      13.22450190628132,
      13.464200899565363,
      13.683939194418432,
      13.887443555567152,
      14.07565132674394,
      14.24980099392807,
      14.411356129739652,
      14.561854307174347,
      14.703394271667607,
      14.837984324306294,
      14.967075703368614,
      15.09175683809807,
      15.212884904706753,
      15.331223550937068,
      15.447527174407753,
      15.563134984095473,
      15.679646220736299,
      15.798722819721258,
      15.922316553177662,
      16.052969144499503,
      16.194652999904502,
      16.35484528687583,
      16.547465358141423,
      16.80037658432699,
      17.22620207565288
    ]
  },
  "word_stats": {
    "20K": {
      "mean": [
        0.034778788685798645,
        0.04854440689086914,
        0.06559769064188004,
        0.07999132573604584,
        0.09992814809083939,
        0.12922365963459015,
        0.1700666844844818,
        0.2255159467458725,
        0.29366007447242737,
        0.37402915954589844,
        0.4714527428150177,
        0.5835043787956238,
        0.717495322227478,
        0.8643550872802734,
        1.0301121473312378,
        1.223896861076355,
        1.4421418905258179,
        1.701979398727417,
        2.0042452812194824,
        2.3532888889312744,
        2.762880802154541,
        3.2003347873687744,
        3.7290830612182617,
        4.3155412673950195,
        4.966333389282227,
        5.675257205963135,
        6.430025100708008,
        7.24928092956543,
        8.052218437194824,
        8.772452354431152,
        9.33171272277832,
        9.687803268432617,
        9.80871868133545
      ],
      "std": [
        0.5385110378265381,
        0.6224060654640198,
        0.7039750814437866,
        0.7578833103179932,
        0.8141834139823914,
        0.8876858949661255,
        0.9833394289016724,
        1.102102518081665,
        1.2411078214645386,
        1.3782753944396973,
        1.5231308937072754,
        1.6645756959915161,
        1.8103407621383667,
        1.9420186281204224,
        2.0744264125823975,
        2.2070541381835938,
        2.337491035461426,
        2.4720053672790527,
        2.613616943359375,
        2.7692601680755615,
        2.9271905422210693,
        3.043994188308716,
        3.160851001739502,
        3.2560834884643555,
        3.3174710273742676,
        3.320732355117798,
        3.235840082168579,
        3.078077554702759,
        2.8679518699645996,
        2.596818208694458,
        2.2728545665740967,
        2.0064568519592285,
        1.860524296760559
      ],
      "min": [
        0.0,
        0.0,
        0.0,
        0.0,
        0.0,
        0.0,
        0.0,
        0.0,
        0.0,
        0.0,
        0.0,
        0.0,
        0.0,
        0.0,
        0.0,
        1.1920928244535389e-07,
        1.1920928244535389e-07,
        4.768370445162873e-07,
        1.0728830375228426e-06,
        2.145764938177308e-06,
        1.0013530300057027e-05,
        7.422356429742649e-05,
        0.00013886917440686375,
        0.00019631843315437436,
        0.000278195773717016,
        0.00036125810584053397,
        0.000674616196192801,
        0.00854088831692934,
        0.503071665763855,
        0.7867452502250671,
        1.1858834028244019,
        1.6407017707824707,
        1.9776636362075806
      ],
      "max": [
        14.785473823547363,
        14.944290161132812,
        15.669516563415527,
        16.286724090576172,
        16.889841079711914,
        17.49652862548828,
        17.973621368408203,
        18.3856258392334,
        18.732589721679688,
        18.950393676757812,
        19.226797103881836,
        19.4578914642334,
        19.526262283325195,
        19.6210880279541,
        19.672029495239258,
        19.714527130126953,
        19.83864974975586,
        19.823408126831055,
        19.96688461303711,
        19.951692581176758,
        21.183807373046875,
        22.115415573120117,
        24.60613250732422,
        23.88039207458496,
        22.471025466918945,
        20.87427520751953,
        20.424795150756836,
        20.455650329589844,
        20.587400436401367,
        20.705106735229492,
        20.42841148376465,
        20.2550106048584,
        20.00016975402832
      ]
    }
  },
  "word_idx": null,
  "title": "Loss Geometry on Training Steps",
  "paths": [
    "outputs/hflm_ada_sc_tinystories_256/k-0.01_i-c0.01_pc0.5_scoff"
  ],
  "loaded_steps": [
    20000
  ],
  "num_batches": 8,
  "batch_size": 16
}