{
  "t": [
    0.001,
    0.03221875,
    0.0634375,
    0.09465625,
    0.125875,
    0.15709375,
    0.1883125,
    0.21953125,
    0.25075,
    0.28196875,
    0.3131875,
    0.34440625,
    0.375625,
    0.40684375,
    0.4380625,
    0.46928125,
    0.5005,
    0.53171875,
    0.5629375,
    0.59415625,
    0.625375,
    0.65659375,
    0.6878125,
    0.71903125,
    0.75025,
    0.78146875,
    0.8126875,
    0.84390625,
    0.875125,
    0.90634375,
    0.9375625,
    0.96878125,
    1.0
  ],
  "curves": {
    "15K": [
      0.0060595381364692,
      0.005824908643262461,
      0.00617619653348811,
      0.006567903939867392,
      0.007534826640039682,
      0.009000645892228931,
      0.010936676291748881,
      0.01334136538207531,
      0.016142954758834094,
      0.019409318105317652,
      0.023940532351844013,
      0.02965926961041987,
      0.03794253198429942,
      0.05026818811893463,
      0.06741474941372871,
      0.0896655535325408,
      0.11894046049565077,
      0.15624189004302025,
      0.2027003038674593,
      0.2594932187348604,
      0.3334340304136276,
      0.42391735687851906,
      0.5363048426806927,
      0.689975269138813,
      0.9194036722183228,
      1.2483261823654175,
      1.7036305963993073,
      2.3311335742473602,
      3.119406908750534,
      4.086217880249023,
      4.957010269165039,
      5.522430121898651,
      5.933816492557526
    ]
  },
  "norms": {
    "15K": [
      4.618602395057678,
      3.2689122557640076,
      3.2034615874290466,
      3.2527087330818176,
      3.3285293579101562,
      3.411313086748123,
      3.4933067560195923,
      3.5705412328243256,
      3.6428859531879425,
      3.7109551429748535,
      3.7755486369132996,
      3.8380633890628815,
      3.8995929062366486,
      3.9609695076942444,
      4.022129595279694,
      4.08195436000824,
      4.139567792415619,
      4.194496750831604,
      4.246980249881744,
      4.298147082328796,
      4.34896582365036,
      4.400290429592133,
      4.453050196170807,
      4.508214831352234,
      4.5661585330963135,
      4.627054691314697,
      4.691046178340912,
      4.758268415927887,
      4.829531013965607,
      4.906887650489807,
      4.994225382804871,
      5.101050794124603,
      5.280215561389923
    ]
  },
  "dists": {
    "15K": [
      1.6196315610482854,
      7.378608600260884,
      8.90300392658699,
      9.871867006926108,
      10.556443143257027,
      11.10259097982239,
      11.554320607240035,
      11.932914130298547,
      12.259798241725397,
      12.549355212927809,
      12.811574386275815,
      13.055968813687798,
      13.289063036799071,
      13.515402014981348,
      13.73574164680215,
      13.946976475646835,
      14.146946184210758,
      14.334855537364957,
      14.512209953278862,
      14.683303488238828,
      14.851671110512903,
      15.020322593601819,
      15.192410172390602,
      15.371133923557107,
      15.5577185938899,
      15.7527457254821,
      15.956718188104194,
      16.1701388502572,
      16.395675151971563,
      16.639938812567934,
      16.915359099941675,
      17.25223255464836,
      17.818834305133795
    ]
  },
  "word_stats": {
    "15K": {
      "mean": [
        0.05894972011446953,
        0.0637083500623703,
        0.06822814792394638,
        0.07275865972042084,
        0.08346329629421234,
        0.09941262006759644,
        0.11917037516832352,
        0.14216065406799316,
        0.1679488718509674,
        0.19644102454185486,
        0.2305930256843567,
        0.27021080255508423,
        0.3214665949344635,
        0.3918873071670532,
        0.48569202423095703,
        0.6055895686149597,
        0.7509263157844543,
        0.9231371879577637,
        1.1254091262817383,
        1.3559449911117554,
        1.6253741979599,
        1.9321231842041016,
        2.2825706005096436,
        2.699252128601074,
        3.2382986545562744,
        3.9146595001220703,
        4.769445419311523,
        5.820860385894775,
        6.93290376663208,
        8.073812484741211,
        8.968080520629883,
        9.389201164245605,
        9.750513076782227
      ],
      "std": [
        0.6527494192123413,
        0.6991665959358215,
        0.7320505976676941,
        0.7588710188865662,
        0.814392626285553,
        0.8867958188056946,
        0.9540625214576721,
        1.0240612030029297,
        1.0990675687789917,
        1.1777223348617554,
        1.2576677799224854,
        1.3409337997436523,
        1.4360483884811401,
        1.566573143005371,
        1.7200729846954346,
        1.8883928060531616,
        2.0603485107421875,
        2.239694595336914,
        2.4277427196502686,
        2.612818956375122,
        2.793365001678467,
        2.964942693710327,
        3.1125736236572266,
        3.2329254150390625,
        3.354733943939209,
        3.4460954666137695,
        3.512138843536377,
        3.483879804611206,
        3.2818660736083984,
        2.9402658939361572,
        2.4399325847625732,
        1.9500935077667236,
        1.808976173400879
      ],
      "min": [
        0.0,
        0.0,
        0.0,
        0.0,
        0.0,
        0.0,
        0.0,
        0.0,
        0.0,
        0.0,
        0.0,
        0.0,
        0.0,
        0.0,
        0.0,
        0.0,
        0.0,
        0.0,
        2.3841855067985307e-07,
        4.768370445162873e-07,
        8.940692737269273e-07,
        2.443787479933235e-06,
        9.059865078597795e-06,
        2.396077979938127e-05,
        5.507317473529838e-05,
        0.00010847429075511172,
        0.00021079930593259633,
        0.0004873873549513519,
        0.0015555963618680835,
        0.1340613216161728,
        1.0058645009994507,
        1.4729607105255127,
        1.959784746170044
      ],
      "max": [
        16.179336547851562,
        19.305309295654297,
        19.730571746826172,
        19.420852661132812,
        18.820083618164062,
        18.639802932739258,
        18.407611846923828,
        18.27743148803711,
        18.63200569152832,
        19.382287979125977,
        19.596426010131836,
        19.67671775817871,
        19.935073852539062,
        22.593549728393555,
        25.764217376708984,
        26.548646926879883,
        26.90137481689453,
        27.20085334777832,
        27.515377044677734,
        28.295488357543945,
        28.6728458404541,
        28.710838317871094,
        28.413692474365234,
        27.424983978271484,
        26.205638885498047,
        24.80426788330078,
        23.234329223632812,
        21.949060440063477,
        21.235366821289062,
        20.59739112854004,
        19.062870025634766,
        17.174558639526367,
        18.381900787353516
      ]
    }
  },
  "word_idx": null,
  "title": "Loss Geometry on Training Steps",
  "paths": [
    "outputs/hflm_ada_sc_tinystories_256/k-0.01_i-c0.01_pc1.0_scon"
  ],
  "loaded_steps": [
    15000
  ],
  "num_batches": 8,
  "batch_size": 16
}